區域,縣市,鄉鎮市區,區域別,人口數,面積_平方公里,人口密度,品牌,門市數,每萬人門市數
北部,新北市,板橋區,新北市板橋區,549762.0,23.1373,23760.85369,Cama,3,0.055
北部,新北市,三重區,新北市三重區,382778.0,16.317,23458.8466,Cama,0,0.0
北部,新北市,中和區,新北市中和區,403791.0,20.144,20045.22438,Cama,2,0.05
北部,新北市,永和區,新北市永和區,211536.0,5.7138,37021.94687,Cama,1,0.047
北部,新北市,新莊區,新北市新莊區,421239.0,19.7383,21341.1996,Cama,2,0.047
北部,新北市,新店區,新北市新店區,306884.0,120.2255,2552.569962,Cama,0,0.0
北部,新北市,樹林區,新北市樹林區,177412.0,33.1288,5355.219628,Cama,0,0.0
北部,新北市,鶯歌區,新北市鶯歌區,89501.0,21.1248,4236.773839,Cama,0,0.0
北部,新北市,三峽區,新北市三峽區,115009.0,191.4508,600.7235279,Cama,0,0.0
北部,新北市,淡水區,新北市淡水區,208004.0,70.6565,2943.87636,Cama,0,0.0
北部,新北市,汐止區,新北市汐止區,212758.0,71.2354,2986.689202,Cama,0,0.0
北部,新北市,瑞芳區,新北市瑞芳區,35623.0,70.7336,503.622041,Cama,0,0.0
北部,新北市,土城區,新北市土城區,242713.0,29.5578,8211.470407,Cama,0,0.0
北部,新北市,蘆洲區,新北市蘆洲區,196371.0,7.4351,26411.34618,Cama,1,0.051
北部,新北市,五股區,新北市五股區,94717.0,34.8632,2716.818881,Cama,0,0.0
北部,新北市,泰山區,新北市泰山區,78083.0,19.1603,4075.249344,Cama,0,0.0
北部,新北市,林口區,新北市林口區,138461.0,54.1519,2556.900127,Cama,0,0.0
北部,新北市,深坑區,新北市深坑區,23639.0,20.5787,1148.712018,Cama,0,0.0
北部,新北市,石碇區,新北市石碇區,6917.0,144.3498,47.91832064,Cama,0,0.0
北部,新北市,坪林區,新北市坪林區,6163.0,170.835,36.0757456,Cama,0,0.0
北部,新北市,三芝區,新北市三芝區,22061.0,65.9909,334.3036691,Cama,0,0.0
北部,新北市,石門區,新北市石門區,9994.0,51.2645,194.9497215,Cama,0,0.0
北部,新北市,八里區,新北市八里區,43495.0,39.4933,1101.326048,Cama,0,0.0
北部,新北市,平溪區,新北市平溪區,3900.0,71.3382,54.66916743,Cama,0,0.0
北部,新北市,雙溪區,新北市雙溪區,7442.0,146.2484,50.88602679,Cama,0,0.0
北部,新北市,貢寮區,新北市貢寮區,10445.0,99.9734,104.4777911,Cama,0,0.0
北部,新北市,金山區,新北市金山區,19725.0,49.2132,400.8071005,Cama,0,0.0
北部,新北市,萬里區,新北市萬里區,20209.0,63.3766,318.871634,Cama,0,0.0
北部,新北市,烏來區,新北市烏來區,6199.0,321.1306,19.30367271,Cama,0,0.0
北部,臺北市,松山區,臺北市松山區,187318.0,9.2878,20168.17761,Cama,3,0.16
北部,臺北市,信義區,臺北市信義區,201446.0,11.2077,17973.89295,Cama,3,0.149
北部,臺北市,大安區,臺北市大安區,282328.0,11.3614,24849.75443,Cama,8,0.283
北部,臺北市,中山區,臺北市中山區,212152.0,13.6821,15505.80686,Cama,6,0.283
北部,臺北市,中正區,臺北市中正區,144109.0,7.6071,18944.01283,Cama,4,0.278
北部,臺北市,大同區,臺北市大同區,116618.0,5.6815,20525.91745,Cama,1,0.086
北部,臺北市,萬華區,臺北市萬華區,168675.0,8.8522,19054.5853,Cama,0,0.0
北部,臺北市,文山區,臺北市文山區,253822.0,31.509,8055.539687,Cama,0,0.0
北部,臺北市,南港區,臺北市南港區,111239.0,21.8424,5092.801157,Cama,1,0.09
北部,臺北市,內湖區,臺北市內湖區,267959.0,31.5787,8485.434803,Cama,1,0.037
北部,臺北市,士林區,臺北市士林區,258163.0,62.3682,4139.337034,Cama,1,0.039
北部,臺北市,北投區,臺北市北投區,235678.0,56.8216,4147.683275,Cama,0,0.0
北部,桃園市,桃園區,桃園市桃園區,478487.0,34.8046,13747.8092,Cama,2,0.042
北部,桃園市,中壢區,桃園市中壢區,439213.0,76.52,5739.845792,Cama,2,0.046
北部,桃園市,大溪區,桃園市大溪區,93799.0,105.1206,892.2989405,Cama,0,0.0
北部,桃園市,楊梅區,桃園市楊梅區,182837.0,89.1229,2051.515379,Cama,0,0.0
北部,桃園市,蘆竹區,桃園市蘆竹區,170556.0,75.5025,2258.945068,Cama,0,0.0
北部,桃園市,大園區,桃園市大園區,89713.0,87.3925,1026.552622,Cama,0,0.0
北部,桃園市,龜山區,桃園市龜山區,188328.0,72.0177,2615.023807,Cama,0,0.0
北部,桃園市,八德區,桃園市八德區,216058.0,33.7111,6409.105606,Cama,0,0.0
北部,桃園市,龍潭區,桃園市龍潭區,127360.0,75.2341,1692.849386,Cama,0,0.0
北部,桃園市,平鎮區,桃園市平鎮區,228210.0,47.7532,4778.946751,Cama,0,0.0
北部,桃園市,新屋區,桃園市新屋區,49723.0,85.0166,584.8622504,Cama,0,0.0
北部,桃園市,觀音區,桃園市觀音區,77526.0,87.9807,881.1705294,Cama,0,0.0
北部,桃園市,復興區,桃園市復興區,13296.0,350.7775,37.90436958,Cama,0,0.0
中部,臺中市,中區,臺中市中區,18029.0,0.8803,20480.51801,Cama,0,0.0
中部,臺中市,東區,臺中市東區,77745.0,9.2855,8372.731678,Cama,0,0.0
中部,臺中市,南區,臺中市南區,128309.0,6.8101,18840.98618,Cama,1,0.078
中部,臺中市,西區,臺中市西區,113288.0,5.7042,19860.4537,Cama,4,0.353
中部,臺中市,北區,臺中市北區,143537.0,6.9376,20689.71979,Cama,0,0.0
中部,臺中市,西屯區,臺中市西屯區,238052.0,39.8467,5974.196107,Cama,2,0.084
中部,臺中市,南屯區,臺中市南屯區,186105.0,31.2578,5953.873913,Cama,0,0.0
中部,臺中市,北屯區,臺中市北屯區,317182.0,62.7034,5058.449781,Cama,1,0.032
中部,臺中市,豐原區,臺中市豐原區,161771.0,41.1845,3927.958334,Cama,0,0.0
中部,臺中市,東勢區,臺中市東勢區,46488.0,117.4065,395.9576344,Cama,0,0.0
中部,臺中市,大甲區,臺中市大甲區,73108.0,58.5192,1249.299375,Cama,1,0.137
中部,臺中市,清水區,臺中市清水區,90640.0,64.1709,1412.478242,Cama,0,0.0
中部,臺中市,沙鹿區,臺中市沙鹿區,101419.0,40.4604,2506.623761,Cama,0,0.0
中部,臺中市,梧棲區,臺中市梧棲區,65685.0,16.6049,3955.760047,Cama,0,0.0
中部,臺中市,后里區,臺中市后里區,52754.0,58.9439,894.9865889,Cama,0,0.0
中部,臺中市,神岡區,臺中市神岡區,63271.0,35.0445,1805.44736,Cama,0,0.0
中部,臺中市,潭子區,臺中市潭子區,109314.0,25.8497,4228.830509,Cama,0,0.0
中部,臺中市,大雅區,臺中市大雅區,94741.0,32.4109,2923.121542,Cama,0,0.0
中部,臺中市,新社區,臺中市新社區,22579.0,68.8874,327.7667614,Cama,0,0.0
中部,臺中市,石岡區,臺中市石岡區,13668.0,18.2105,750.5559979,Cama,0,0.0
中部,臺中市,外埔區,臺中市外埔區,30823.0,42.4099,726.7878491,Cama,0,0.0
中部,臺中市,大安區,臺中市大安區,17487.0,27.4045,638.1068803,Cama,0,0.0
中部,臺中市,烏日區,臺中市烏日區,82248.0,43.4032,1894.975486,Cama,0,0.0
中部,臺中市,大肚區,臺中市大肚區,55255.0,37.0024,1493.281517,Cama,0,0.0
中部,臺中市,龍井區,臺中市龍井區,79241.0,38.0377,2083.222697,Cama,0,0.0
中部,臺中市,霧峰區,臺中市霧峰區,62627.0,98.0779,638.5434435,Cama,0,0.0
中部,臺中市,太平區,臺中市太平區,201536.0,120.7473,1669.072518,Cama,0,0.0
中部,臺中市,大里區,臺中市大里區,211094.0,28.8758,7310.412179,Cama,0,0.0
中部,臺中市,和平區,臺中市和平區,10469.0,1037.8192,10.08749886,Cama,0,0.0
南部,臺南市,新營區,臺南市新營區,74493.0,38.5386,1932.945151,Cama,0,0.0
南部,臺南市,鹽水區,臺南市鹽水區,23635.0,52.2455,452.3834589,Cama,0,0.0
南部,臺南市,白河區,臺南市白河區,24948.0,126.4046,197.3662351,Cama,0,0.0
南部,臺南市,柳營區,臺南市柳營區,19831.0,61.2929,323.5448151,Cama,0,0.0
南部,臺南市,後壁區,臺南市後壁區,20840.0,72.2189,288.5671202,Cama,0,0.0
南部,臺南市,東山區,臺南市東山區,18490.0,124.9178,148.0173362,Cama,0,0.0
南部,臺南市,麻豆區,臺南市麻豆區,42873.0,53.9744,794.3210114,Cama,0,0.0
南部,臺南市,下營區,臺南市下營區,21742.0,33.5291,648.4516435,Cama,0,0.0
南部,臺南市,六甲區,臺南市六甲區,20880.0,67.5471,309.1176379,Cama,0,0.0
南部,臺南市,官田區,臺南市官田區,20527.0,70.7953,289.9486265,Cama,0,0.0
南部,臺南市,大內區,臺南市大內區,8427.0,70.3125,119.8506667,Cama,0,0.0
南部,臺南市,佳里區,臺南市佳里區,58328.0,38.9422,1497.809574,Cama,0,0.0
南部,臺南市,學甲區,臺南市學甲區,24365.0,53.9919,451.2713944,Cama,0,0.0
南部,臺南市,西港區,臺南市西港區,24811.0,33.7666,734.7793382,Cama,0,0.0
南部,臺南市,七股區,臺南市七股區,20493.0,110.1492,186.0476517,Cama,0,0.0
南部,臺南市,將軍區,臺南市將軍區,17598.0,41.9796,419.2036132,Cama,0,0.0
南部,臺南市,北門區,臺南市北門區,9436.0,44.1003,213.9667984,Cama,0,0.0
南部,臺南市,新化區,臺南市新化區,41932.0,62.0579,675.6915719,Cama,0,0.0
南部,臺南市,善化區,臺南市善化區,53888.0,55.3097,974.295648,Cama,0,0.0
南部,臺南市,新市區,臺南市新市區,38279.0,47.8096,800.6550986,Cama,0,0.0
南部,臺南市,安定區,臺南市安定區,29783.0,31.27,952.4464343,Cama,0,0.0
南部,臺南市,山上區,臺南市山上區,6796.0,27.878,243.7764546,Cama,0,0.0
南部,臺南市,玉井區,臺南市玉井區,12674.0,76.3662,165.963476,Cama,0,0.0
南部,臺南市,楠西區,臺南市楠西區,8392.0,109.6316,76.54727287,Cama,0,0.0
南部,臺南市,南化區,臺南市南化區,7606.0,171.5198,44.34473454,Cama,0,0.0
南部,臺南市,左鎮區,臺南市左鎮區,4095.0,74.9025,54.67107239,Cama,0,0.0
南部,臺南市,仁德區,臺南市仁德區,77496.0,50.7664,1526.521479,Cama,0,0.0
南部,臺南市,歸仁區,臺南市歸仁區,70574.0,55.7913,1264.964251,Cama,0,0.0
南部,臺南市,關廟區,臺南市關廟區,33198.0,53.6413,618.888804,Cama,0,0.0
南部,臺南市,龍崎區,臺南市龍崎區,3234.0,64.0814,50.46706221,Cama,0,0.0
南部,臺南市,永康區,臺南市永康區,235805.0,40.2753,5854.829138,Cama,0,0.0
南部,臺南市,東區,臺南市東區,180856.0,13.4156,13481.02209,Cama,0,0.0
南部,臺南市,南區,臺南市南區,119121.0,27.2681,4368.511191,Cama,0,0.0
南部,臺南市,北區,臺南市北區,125439.0,10.434,12022.13916,Cama,1,0.08
南部,臺南市,安南區,臺南市安南區,204534.0,107.2016,1907.937941,Cama,0,0.0
南部,臺南市,安平區,臺南市安平區,71256.0,11.0663,6439.008521,Cama,0,0.0
南部,臺南市,中西區,臺南市中西區,75802.0,6.26,12108.94569,Cama,1,0.132
南部,高雄市,鹽埕區,高雄市鹽埕區,21871.0,1.4161,15444.53075,Cama,0,0.0
南部,高雄市,鼓山區,高雄市鼓山區,140791.0,14.7523,9543.664378,Cama,0,0.0
南部,高雄市,左營區,高雄市左營區,197621.0,19.3823,10195.95198,Cama,0,0.0
南部,高雄市,楠梓區,高雄市楠梓區,195613.0,25.8276,7573.797023,Cama,0,0.0
南部,高雄市,三民區,高雄市三民區,328827.0,19.7866,16618.67122,Cama,0,0.0
南部,高雄市,新興區,高雄市新興區,49380.0,1.9764,24984.82089,Cama,0,0.0
南部,高雄市,前金區,高雄市前金區,27670.0,1.8573,14897.97017,Cama,0,0.0
南部,高雄市,苓雅區,高雄市苓雅區,161185.0,8.1522,19771.9634,Cama,2,0.124
南部,高雄市,前鎮區,高雄市前鎮區,176845.0,19.1207,9248.876872,Cama,0,0.0
南部,高雄市,旗津區,高雄市旗津區,24906.0,1.7341,14362.49351,Cama,0,0.0
南部,高雄市,小港區,高雄市小港區,153310.0,45.4426,3373.70661,Cama,0,0.0
南部,高雄市,鳳山區,高雄市鳳山區,353000.0,26.759,13191.82331,Cama,1,0.028
南部,高雄市,林園區,高雄市林園區,67341.0,32.286,2085.764728,Cama,0,0.0
南部,高雄市,大寮區,高雄市大寮區,112239.0,71.04,1579.940878,Cama,0,0.0
南部,高雄市,大樹區,高雄市大樹區,39906.0,66.9811,595.7800036,Cama,0,0.0
南部,高雄市,大社區,高雄市大社區,33741.0,26.5848,1269.183895,Cama,0,0.0
南部,高雄市,仁武區,高雄市仁武區,100311.0,36.0808,2780.176714,Cama,0,0.0
南部,高雄市,鳥松區,高雄市鳥松區,43703.0,24.5927,1777.072058,Cama,0,0.0
南部,高雄市,岡山區,高雄市岡山區,94624.0,47.9421,1973.714126,Cama,0,0.0
南部,高雄市,橋頭區,高雄市橋頭區,43341.0,25.9379,1670.952544,Cama,0,0.0
南部,高雄市,燕巢區,高雄市燕巢區,28348.0,65.395,433.4887988,Cama,0,0.0
南部,高雄市,田寮區,高雄市田寮區,6125.0,92.6802,66.08747068,Cama,0,0.0
南部,高雄市,阿蓮區,高雄市阿蓮區,26785.0,34.6164,773.7661917,Cama,0,0.0
南部,高雄市,路竹區,高雄市路竹區,48906.0,48.4348,1009.728542,Cama,0,0.0
南部,高雄市,湖內區,高雄市湖內區,29295.0,20.1615,1453.016889,Cama,0,0.0
南部,高雄市,茄萣區,高雄市茄萣區,28732.0,15.7624,1822.81886,Cama,0,0.0
南部,高雄市,永安區,高雄市永安區,13510.0,22.6141,597.4148872,Cama,0,0.0
南部,高雄市,彌陀區,高雄市彌陀區,17715.0,14.7772,1198.806269,Cama,0,0.0
南部,高雄市,梓官區,高雄市梓官區,34701.0,11.5967,2992.31678,Cama,0,0.0
南部,高雄市,旗山區,高雄市旗山區,33368.0,94.6122,352.6817895,Cama,0,0.0
南部,高雄市,美濃區,高雄市美濃區,36074.0,120.0316,300.5375251,Cama,0,0.0
南部,高雄市,六龜區,高雄市六龜區,11286.0,194.1584,58.12779669,Cama,0,0.0
南部,高雄市,甲仙區,高雄市甲仙區,5279.0,124.034,42.56091072,Cama,0,0.0
南部,高雄市,杉林區,高雄市杉林區,10569.0,104.0036,101.6214823,Cama,0,0.0
南部,高雄市,內門區,高雄市內門區,12519.0,95.6224,130.9212067,Cama,0,0.0
南部,高雄市,茂林區,高雄市茂林區,1846.0,194.0,9.515463918,Cama,0,0.0
南部,高雄市,桃源區,高雄市桃源區,4151.0,928.98,4.468341622,Cama,0,0.0
南部,高雄市,那瑪夏區,高雄市那瑪夏區,3111.0,252.9895,12.29695304,Cama,0,0.0
北部,宜蘭縣,宜蘭市,宜蘭縣宜蘭市,94561.0,29.408,3215.485582,Cama,0,0.0
北部,宜蘭縣,羅東鎮,宜蘭縣羅東鎮,68960.0,11.3448,6078.555814,Cama,1,0.145
北部,宜蘭縣,蘇澳鎮,宜蘭縣蘇澳鎮,36413.0,89.0196,409.0447497,Cama,0,0.0
北部,宜蘭縣,頭城鎮,宜蘭縣頭城鎮,27868.0,100.893,276.2134142,Cama,0,0.0
北部,宜蘭縣,礁溪鄉,宜蘭縣礁溪鄉,36629.0,101.4278,361.1337326,Cama,0,0.0
北部,宜蘭縣,壯圍鄉,宜蘭縣壯圍鄉,24479.0,38.4769,636.1999018,Cama,0,0.0
北部,宜蘭縣,員山鄉,宜蘭縣員山鄉,32226.0,111.9106,287.9619982,Cama,0,0.0
北部,宜蘭縣,冬山鄉,宜蘭縣冬山鄉,52938.0,79.8573,662.9074612,Cama,0,0.0
北部,宜蘭縣,五結鄉,宜蘭縣五結鄉,41737.0,38.8671,1073.838799,Cama,0,0.0
北部,宜蘭縣,三星鄉,宜蘭縣三星鄉,21356.0,144.2238,148.0754217,Cama,0,0.0
北部,宜蘭縣,大同鄉,宜蘭縣大同鄉,5998.0,657.5442,9.121820252,Cama,0,0.0
北部,宜蘭縣,南澳鄉,宜蘭縣南澳鄉,6171.0,740.652,8.331848155,Cama,0,0.0
北部,新竹縣,竹北市,新竹縣竹北市,220973.0,46.8341,4718.20746,Cama,2,0.091
北部,新竹縣,關西鎮,新竹縣關西鎮,26011.0,125.5193,207.2270958,Cama,0,0.0
北部,新竹縣,新埔鎮,新竹縣新埔鎮,33561.0,72.1911,464.8911015,Cama,0,0.0
北部,新竹縣,竹東鎮,新竹縣竹東鎮,97894.0,53.5133,1829.339622,Cama,0,0.0
北部,新竹縣,湖口鄉,新竹縣湖口鄉,84963.0,58.4303,1454.091456,Cama,0,0.0
北部,新竹縣,橫山鄉,新竹縣橫山鄉,11901.0,66.3502,179.3664526,Cama,0,0.0
北部,新竹縣,新豐鄉,新竹縣新豐鄉,59839.0,46.3496,1291.035953,Cama,0,0.0
北部,新竹縣,芎林鄉,新竹縣芎林鄉,20385.0,40.7858,499.8063051,Cama,0,0.0
北部,新竹縣,寶山鄉,新竹縣寶山鄉,14588.0,64.7871,225.168282,Cama,0,0.0
北部,新竹縣,北埔鄉,新竹縣北埔鄉,8289.0,50.6676,163.5956706,Cama,0,0.0
北部,新竹縣,峨眉鄉,新竹縣峨眉鄉,4970.0,46.801,106.1943121,Cama,0,0.0
北部,新竹縣,尖石鄉,新竹縣尖石鄉,9464.0,527.5795,17.9385287,Cama,0,0.0
北部,新竹縣,五峰鄉,新竹縣五峰鄉,4397.0,227.728,19.30812197,Cama,0,0.0
中部,苗栗縣,苗栗市,苗栗縣苗栗市,85838.0,37.8878,2265.584172,Cama,0,0.0
中部,苗栗縣,頭份市,苗栗縣頭份市,108231.0,53.3205,2029.819675,Cama,0,0.0
中部,苗栗縣,苑裡鎮,苗栗縣苑裡鎮,43237.0,68.2473,633.5342204,Cama,0,0.0
中部,苗栗縣,通霄鎮,苗栗縣通霄鎮,30618.0,107.8486,283.8979829,Cama,0,0.0
中部,苗栗縣,竹南鎮,苗栗縣竹南鎮,91538.0,37.5592,2437.165861,Cama,0,0.0
中部,苗栗縣,後龍鎮,苗栗縣後龍鎮,33531.0,75.8079,442.3153787,Cama,0,0.0
中部,苗栗縣,卓蘭鎮,苗栗縣卓蘭鎮,14483.0,76.3153,189.7784586,Cama,0,0.0
中部,苗栗縣,大湖鄉,苗栗縣大湖鄉,12310.0,90.8396,135.5135866,Cama,0,0.0
中部,苗栗縣,公館鄉,苗栗縣公館鄉,30461.0,71.4523,426.312379,Cama,0,0.0
中部,苗栗縣,銅鑼鄉,苗栗縣銅鑼鄉,16079.0,78.3805,205.1403091,Cama,0,0.0
中部,苗栗縣,南庄鄉,苗栗縣南庄鄉,8576.0,165.4938,51.82067244,Cama,0,0.0
中部,苗栗縣,頭屋鄉,苗栗縣頭屋鄉,9354.0,52.5046,178.1558187,Cama,0,0.0
中部,苗栗縣,三義鄉,苗栗縣三義鄉,14485.0,69.3424,208.8909527,Cama,0,0.0
中部,苗栗縣,西湖鄉,苗栗縣西湖鄉,5875.0,41.0758,143.0282551,Cama,0,0.0
中部,苗栗縣,造橋鄉,苗栗縣造橋鄉,11548.0,47.9978,240.5943606,Cama,0,0.0
中部,苗栗縣,三灣鄉,苗栗縣三灣鄉,5664.0,52.2964,108.3057342,Cama,0,0.0
中部,苗栗縣,獅潭鄉,苗栗縣獅潭鄉,3943.0,79.4324,49.63969363,Cama,0,0.0
中部,苗栗縣,泰安鄉,苗栗縣泰安鄉,5401.0,614.5127,8.789077915,Cama,0,0.0
中部,彰化縣,彰化市,彰化縣彰化市,220487.0,65.6947,3356.237261,Cama,0,0.0
中部,彰化縣,員林市,彰化縣員林市,122148.0,40.038,3050.801738,Cama,0,0.0
中部,彰化縣,鹿港鎮,彰化縣鹿港鎮,82212.0,39.4625,2083.294267,Cama,0,0.0
中部,彰化縣,和美鎮,彰化縣和美鎮,86635.0,39.9345,2169.427437,Cama,0,0.0
中部,彰化縣,北斗鎮,彰化縣北斗鎮,33099.0,19.2547,1719.008865,Cama,0,0.0
中部,彰化縣,溪湖鎮,彰化縣溪湖鎮,52832.0,32.0592,1647.95129,Cama,0,0.0
中部,彰化縣,田中鎮,彰化縣田中鎮,38273.0,34.6056,1105.977067,Cama,0,0.0
中部,彰化縣,二林鎮,彰化縣二林鎮,46419.0,92.8478,499.9472255,Cama,0,0.0
中部,彰化縣,線西鄉,彰化縣線西鄉,16014.0,18.0856,885.4558323,Cama,0,0.0
中部,彰化縣,伸港鄉,彰化縣伸港鄉,38146.0,22.3268,1708.529659,Cama,0,0.0
中部,彰化縣,福興鄉,彰化縣福興鄉,44284.0,49.8934,887.5723042,Cama,0,0.0
中部,彰化縣,秀水鄉,彰化縣秀水鄉,37356.0,29.3447,1273.00671,Cama,0,0.0
中部,彰化縣,花壇鄉,彰化縣花壇鄉,42816.0,36.3469,1177.982166,Cama,0,0.0
中部,彰化縣,芬園鄉,彰化縣芬園鄉,21334.0,38.0204,561.1198199,Cama,0,0.0
中部,彰化縣,大村鄉,彰化縣大村鄉,38919.0,30.7837,1264.272976,Cama,0,0.0
中部,彰化縣,埔鹽鄉,彰化縣埔鹽鄉,30041.0,38.6081,778.1009684,Cama,0,0.0
中部,彰化縣,埔心鄉,彰化縣埔心鄉,33082.0,20.9526,1578.89713,Cama,0,0.0
中部,彰化縣,永靖鄉,彰化縣永靖鄉,34177.0,20.6382,1656.006822,Cama,0,0.0
中部,彰化縣,社頭鄉,彰化縣社頭鄉,40272.0,36.1449,1114.182084,Cama,0,0.0
中部,彰化縣,二水鄉,彰化縣二水鄉,13220.0,29.4449,448.9741857,Cama,0,0.0
中部,彰化縣,田尾鄉,彰化縣田尾鄉,25251.0,24.0375,1050.483619,Cama,0,0.0
中部,彰化縣,埤頭鄉,彰化縣埤頭鄉,27997.0,42.7508,654.8883296,Cama,0,0.0
中部,彰化縣,芳苑鄉,彰化縣芳苑鄉,29880.0,91.3827,326.9765503,Cama,0,0.0
中部,彰化縣,大城鄉,彰化縣大城鄉,14146.0,63.7406,221.9307631,Cama,0,0.0
中部,彰化縣,竹塘鄉,彰化縣竹塘鄉,13918.0,42.1662,330.0747992,Cama,0,0.0
中部,彰化縣,溪州鄉,彰化縣溪州鄉,27248.0,75.831,359.3253419,Cama,0,0.0
中部,南投縣,南投市,南投縣南投市,96229.0,71.6021,1343.94103,Cama,0,0.0
中部,南投縣,埔里鎮,南投縣埔里鎮,75613.0,162.2227,466.1061615,Cama,0,0.0
中部,南投縣,草屯鎮,南投縣草屯鎮,97724.0,104.0327,939.3584902,Cama,0,0.0
中部,南投縣,竹山鎮,南投縣竹山鎮,49905.0,247.3339,201.7717749,Cama,0,0.0
中部,南投縣,集集鎮,南投縣集集鎮,9882.0,49.7268,198.725838,Cama,0,0.0
中部,南投縣,名間鄉,南投縣名間鄉,34557.0,83.0955,415.8708955,Cama,0,0.0
中部,南投縣,鹿谷鄉,南投縣鹿谷鄉,15454.0,141.8981,108.9091397,Cama,0,0.0
中部,南投縣,中寮鄉,南投縣中寮鄉,12825.0,146.6541,87.45067475,Cama,0,0.0
中部,南投縣,魚池鄉,南投縣魚池鄉,14098.0,121.3735,116.1538557,Cama,0,0.0
中部,南投縣,國姓鄉,南投縣國姓鄉,15963.0,175.7042,90.8515562,Cama,0,0.0
中部,南投縣,水里鄉,南投縣水里鄉,15452.0,106.8424,144.6242316,Cama,0,0.0
中部,南投縣,信義鄉,南投縣信義鄉,14886.0,1422.4188,10.46527225,Cama,0,0.0
中部,南投縣,仁愛鄉,南投縣仁愛鄉,15293.0,1273.5312,12.00834342,Cama,0,0.0
中部,雲林縣,斗六市,雲林縣斗六市,109030.0,93.7151,1163.419769,Cama,0,0.0
中部,雲林縣,斗南鎮,雲林縣斗南鎮,43322.0,48.1505,899.7206675,Cama,0,0.0
中部,雲林縣,虎尾鎮,雲林縣虎尾鎮,71349.0,68.742,1037.924413,Cama,0,0.0
中部,雲林縣,西螺鎮,雲林縣西螺鎮,43975.0,49.7985,883.0587267,Cama,0,0.0
中部,雲林縣,土庫鎮,雲林縣土庫鎮,27234.0,49.0212,555.5555556,Cama,0,0.0
中部,雲林縣,北港鎮,雲林縣北港鎮,37053.0,41.4999,892.8455249,Cama,0,0.0
中部,雲林縣,古坑鄉,雲林縣古坑鄉,29193.0,166.6059,175.2218859,Cama,0,0.0
中部,雲林縣,大埤鄉,雲林縣大埤鄉,17521.0,44.9973,389.3789183,Cama,0,0.0
中部,雲林縣,莿桐鄉,雲林縣莿桐鄉,27201.0,50.8502,534.9241498,Cama,0,0.0
中部,雲林縣,林內鄉,雲林縣林內鄉,16285.0,37.6035,433.0713896,Cama,0,0.0
中部,雲林縣,二崙鄉,雲林縣二崙鄉,24165.0,59.5625,405.7082896,Cama,0,0.0
中部,雲林縣,崙背鄉,雲林縣崙背鄉,22255.0,58.484,380.5314274,Cama,0,0.0
中部,雲林縣,麥寮鄉,雲林縣麥寮鄉,48815.0,80.1668,608.9179062,Cama,0,0.0
中部,雲林縣,東勢鄉,雲林縣東勢鄉,12885.0,48.3562,266.4601437,Cama,0,0.0
中部,雲林縣,褒忠鄉,雲林縣褒忠鄉,11490.0,37.0552,310.0779378,Cama,0,0.0
中部,雲林縣,臺西鄉,雲林縣臺西鄉,20778.0,54.0983,384.0786125,Cama,0,0.0
中部,雲林縣,元長鄉,雲林縣元長鄉,22478.0,71.5872,313.9946806,Cama,0,0.0
中部,雲林縣,四湖鄉,雲林縣四湖鄉,20210.0,77.1189,262.0628666,Cama,0,0.0
中部,雲林縣,口湖鄉,雲林縣口湖鄉,23945.0,80.4612,297.5968541,Cama,0,0.0
中部,雲林縣,水林鄉,雲林縣水林鄉,21805.0,72.9582,298.8697638,Cama,0,0.0
南部,嘉義縣,太保市,嘉義縣太保市,39923.0,66.8964,596.7884669,Cama,0,0.0
南部,嘉義縣,朴子市,嘉義縣朴子市,39950.0,49.5737,805.8708549,Cama,0,0.0
南部,嘉義縣,布袋鎮,嘉義縣布袋鎮,23589.0,61.7307,382.1275314,Cama,0,0.0
南部,嘉義縣,大林鎮,嘉義縣大林鎮,29542.0,64.1663,460.397436,Cama,0,0.0
南部,嘉義縣,民雄鄉,嘉義縣民雄鄉,69716.0,85.4969,815.4213779,Cama,0,0.0
南部,嘉義縣,溪口鄉,嘉義縣溪口鄉,12604.0,33.0463,381.4042722,Cama,0,0.0
南部,嘉義縣,新港鄉,嘉義縣新港鄉,29006.0,66.0495,439.1554819,Cama,0,0.0
南部,嘉義縣,六腳鄉,嘉義縣六腳鄉,20044.0,62.2619,321.9304262,Cama,0,0.0
南部,嘉義縣,東石鄉,嘉義縣東石鄉,21671.0,81.5821,265.6342507,Cama,0,0.0
南部,嘉義縣,義竹鄉,嘉義縣義竹鄉,15829.0,79.2925,199.6279598,Cama,0,0.0
南部,嘉義縣,鹿草鄉,嘉義縣鹿草鄉,13460.0,54.3151,247.8132232,Cama,0,0.0
南部,嘉義縣,水上鄉,嘉義縣水上鄉,46932.0,69.1198,678.9950202,Cama,0,0.0
南部,嘉義縣,中埔鄉,嘉義縣中埔鄉,41673.0,129.5016,321.795252,Cama,0,0.0
南部,嘉義縣,竹崎鄉,嘉義縣竹崎鄉,32160.0,162.2256,198.2424476,Cama,0,0.0
南部,嘉義縣,梅山鄉,嘉義縣梅山鄉,17177.0,119.7571,143.4319969,Cama,0,0.0
南部,嘉義縣,番路鄉,嘉義縣番路鄉,10582.0,117.5269,90.03896129,Cama,0,0.0
南部,嘉義縣,大埔鄉,嘉義縣大埔鄉,4160.0,173.2472,24.01193208,Cama,0,0.0
南部,嘉義縣,阿里山鄉,嘉義縣阿里山鄉,5163.0,427.8471,12.0673951,Cama,0,0.0
南部,屏東縣,屏東市,屏東縣屏東市,191466.0,65.067,2942.59763,Cama,2,0.104
南部,屏東縣,潮州鎮,屏東縣潮州鎮,53723.0,42.4331,1266.063521,Cama,0,0.0
南部,屏東縣,東港鎮,屏東縣東港鎮,45879.0,29.4635,1557.146978,Cama,0,0.0
南部,屏東縣,恆春鎮,屏東縣恆春鎮,28770.0,136.763,210.3639142,Cama,0,0.0
南部,屏東縣,萬丹鄉,屏東縣萬丹鄉,48586.0,57.4679,845.4458924,Cama,0,0.0
南部,屏東縣,長治鄉,屏東縣長治鄉,29192.0,39.8861,731.8840398,Cama,0,0.0
南部,屏東縣,麟洛鄉,屏東縣麟洛鄉,10406.0,16.26,639.9753998,Cama,0,0.0
南部,屏東縣,九如鄉,屏東縣九如鄉,21420.0,42.0187,509.7730296,Cama,0,0.0
南部,屏東縣,里港鄉,屏東縣里港鄉,24948.0,68.9208,361.9807083,Cama,0,0.0
南部,屏東縣,鹽埔鄉,屏東縣鹽埔鄉,23106.0,64.3493,359.0715051,Cama,0,0.0
南部,屏東縣,高樹鄉,屏東縣高樹鄉,21935.0,90.1522,243.3107567,Cama,0,0.0
南部,屏東縣,萬巒鄉,屏東縣萬巒鄉,18654.0,60.7315,307.1552654,Cama,0,0.0
南部,屏東縣,內埔鄉,屏東縣內埔鄉,52760.0,81.8554,644.5512452,Cama,0,0.0
南部,屏東縣,竹田鄉,屏東縣竹田鄉,15363.0,29.0732,528.4248036,Cama,0,0.0
南部,屏東縣,新埤鄉,屏東縣新埤鄉,8983.0,59.0102,152.2279199,Cama,0,0.0
南部,屏東縣,枋寮鄉,屏東縣枋寮鄉,22321.0,57.7347,386.6132499,Cama,0,0.0
南部,屏東縣,新園鄉,屏東縣新園鄉,31703.0,38.3109,827.5190612,Cama,0,0.0
南部,屏東縣,崁頂鄉,屏東縣崁頂鄉,14459.0,31.2659,462.4527041,Cama,0,0.0
南部,屏東縣,林邊鄉,屏東縣林邊鄉,15821.0,15.6233,1012.654177,Cama,0,0.0
南部,屏東縣,南州鄉,屏東縣南州鄉,9600.0,18.97,506.0622035,Cama,0,0.0
南部,屏東縣,佳冬鄉,屏東縣佳冬鄉,17323.0,30.9842,559.0914079,Cama,0,0.0
南部,屏東縣,琉球鄉,屏東縣琉球鄉,12076.0,6.8018,1775.412391,Cama,0,0.0
南部,屏東縣,車城鄉,屏東縣車城鄉,7694.0,49.8517,154.3377658,Cama,0,0.0
南部,屏東縣,滿州鄉,屏東縣滿州鄉,6927.0,142.2013,48.71263484,Cama,0,0.0
南部,屏東縣,枋山鄉,屏東縣枋山鄉,4905.0,17.2697,284.0234631,Cama,0,0.0
南部,屏東縣,三地門鄉,屏東縣三地門鄉,7598.0,196.3965,38.68704381,Cama,0,0.0
南部,屏東縣,霧臺鄉,屏東縣霧臺鄉,3166.0,278.796,11.35597354,Cama,0,0.0
南部,屏東縣,瑪家鄉,屏東縣瑪家鄉,6647.0,78.7008,84.45911604,Cama,0,0.0
南部,屏東縣,泰武鄉,屏東縣泰武鄉,5190.0,118.6266,43.75072707,Cama,0,0.0
南部,屏東縣,來義鄉,屏東縣來義鄉,7282.0,167.7756,43.40321239,Cama,0,0.0
南部,屏東縣,春日鄉,屏東縣春日鄉,4857.0,160.001,30.35606027,Cama,0,0.0
南部,屏東縣,獅子鄉,屏東縣獅子鄉,4825.0,301.0018,16.02980447,Cama,0,0.0
南部,屏東縣,牡丹鄉,屏東縣牡丹鄉,4671.0,181.8366,25.68789782,Cama,0,0.0
未涵蓋,臺東縣,臺東市,臺東縣臺東市,102681.0,109.7691,935.4271831,Cama,0,0.0
未涵蓋,臺東縣,成功鎮,臺東縣成功鎮,12754.0,143.9939,88.5731965,Cama,0,0.0
未涵蓋,臺東縣,關山鎮,臺東縣關山鎮,7757.0,58.7351,132.0675371,Cama,0,0.0
未涵蓋,臺東縣,卑南鄉,臺東縣卑南鄉,16264.0,412.6871,39.41000337,Cama,0,0.0
未涵蓋,臺東縣,大武鄉,臺東縣大武鄉,5327.0,69.1454,77.04055512,Cama,0,0.0
未涵蓋,臺東縣,太麻里鄉,臺東縣太麻里鄉,10375.0,96.6523,107.3435397,Cama,0,0.0
未涵蓋,臺東縣,東河鄉,臺東縣東河鄉,7710.0,210.1908,36.68095844,Cama,0,0.0
未涵蓋,臺東縣,長濱鄉,臺東縣長濱鄉,6469.0,155.1868,41.68524643,Cama,0,0.0
未涵蓋,臺東縣,鹿野鄉,臺東縣鹿野鄉,6924.0,89.698,77.19235657,Cama,0,0.0
未涵蓋,臺東縣,池上鄉,臺東縣池上鄉,7529.0,82.6854,91.05597844,Cama,0,0.0
未涵蓋,臺東縣,綠島鄉,臺東縣綠島鄉,4327.0,15.0919,286.7100895,Cama,0,0.0
未涵蓋,臺東縣,延平鄉,臺東縣延平鄉,3547.0,455.8805,7.780547753,Cama,0,0.0
未涵蓋,臺東縣,海端鄉,臺東縣海端鄉,4317.0,880.0382,4.905468876,Cama,0,0.0
未涵蓋,臺東縣,達仁鄉,臺東縣達仁鄉,3437.0,306.4454,11.21570107,Cama,0,0.0
未涵蓋,臺東縣,金峰鄉,臺東縣金峰鄉,3682.0,380.6635,9.672584842,Cama,0,0.0
未涵蓋,臺東縣,蘭嶼鄉,臺東縣蘭嶼鄉,5220.0,48.3892,107.875311,Cama,0,0.0
未涵蓋,花蓮縣,花蓮市,花蓮縣花蓮市,96860.0,29.4095,3293.493599,Cama,0,0.0
未涵蓋,花蓮縣,鳳林鎮,花蓮縣鳳林鎮,10136.0,120.5181,84.10354959,Cama,0,0.0
未涵蓋,花蓮縣,玉里鎮,花蓮縣玉里鎮,21277.0,252.3719,84.3081183,Cama,0,0.0
未涵蓋,花蓮縣,新城鄉,花蓮縣新城鄉,20492.0,29.4095,696.7816522,Cama,0,0.0
未涵蓋,花蓮縣,吉安鄉,花蓮縣吉安鄉,83004.0,65.2582,1271.93211,Cama,0,0.0
未涵蓋,花蓮縣,壽豐鄉,花蓮縣壽豐鄉,16628.0,218.4448,76.11991679,Cama,0,0.0
未涵蓋,花蓮縣,光復鄉,花蓮縣光復鄉,11478.0,157.11,73.05709376,Cama,0,0.0
未涵蓋,花蓮縣,豐濱鄉,花蓮縣豐濱鄉,4082.0,162.4332,25.1303305,Cama,0,0.0
未涵蓋,花蓮縣,瑞穗鄉,花蓮縣瑞穗鄉,10388.0,135.5862,76.61546677,Cama,0,0.0
未涵蓋,花蓮縣,富里鄉,花蓮縣富里鄉,9386.0,176.3705,53.21751653,Cama,0,0.0
未涵蓋,花蓮縣,秀林鄉,花蓮縣秀林鄉,17178.0,1641.8555,10.46255289,Cama,0,0.0
未涵蓋,花蓮縣,萬榮鄉,花蓮縣萬榮鄉,6047.0,618.491,9.777021816,Cama,0,0.0
未涵蓋,花蓮縣,卓溪鄉,花蓮縣卓溪鄉,5851.0,1021.313,5.728899955,Cama,0,0.0
南部,澎湖縣,馬公市,澎湖縣馬公市,63282.0,33.9918,1861.684289,Cama,0,0.0
南部,澎湖縣,湖西鄉,澎湖縣湖西鄉,16131.0,33.3008,484.4027771,Cama,0,0.0
南部,澎湖縣,白沙鄉,澎湖縣白沙鄉,10084.0,20.0875,502.0037337,Cama,0,0.0
南部,澎湖縣,西嶼鄉,澎湖縣西嶼鄉,8039.0,18.7148,429.553081,Cama,0,0.0
南部,澎湖縣,望安鄉,澎湖縣望安鄉,5266.0,13.7824,382.0814952,Cama,0,0.0
南部,澎湖縣,七美鄉,澎湖縣七美鄉,3914.0,6.9868,560.1992328,Cama,0,0.0
北部,基隆市,中正區,基隆市中正區,51542.0,10.2118,5047.298224,Cama,0,0.0
北部,基隆市,七堵區,基隆市七堵區,52169.0,56.2659,927.1868041,Cama,0,0.0
北部,基隆市,暖暖區,基隆市暖暖區,38462.0,22.8283,1684.838556,Cama,0,0.0
北部,基隆市,仁愛區,基隆市仁愛區,39689.0,4.2335,9374.985237,Cama,0,0.0
北部,基隆市,中山區,基隆市中山區,45556.0,10.5238,4328.854596,Cama,0,0.0
北部,基隆市,安樂區,基隆市安樂區,79850.0,18.025,4429.958391,Cama,0,0.0
北部,基隆市,信義區,基隆市信義區,52568.0,10.6706,4926.433378,Cama,0,0.0
北部,新竹市,東區,新竹市東區,222219.0,33.5768,6618.230445,Cama,1,0.045
北部,新竹市,北區,新竹市北區,153915.0,15.7267,9786.85929,Cama,0,0.0
北部,新竹市,香山區,新竹市香山區,79606.0,54.8491,1451.363833,Cama,0,0.0
南部,嘉義市,東區,嘉義市東區,116567.0,30.1556,3865.517516,Cama,0,0.0
南部,嘉義市,西區,嘉義市西區,145025.0,29.87,4855.205892,Cama,1,0.069
未涵蓋,金門縣,金城鎮,金門縣金城鎮,40998.0,21.713,1888.177589,Cama,0,0.0
未涵蓋,金門縣,金湖鎮,金門縣金湖鎮,30545.0,41.696,732.5642748,Cama,0,0.0
未涵蓋,金門縣,金沙鎮,金門縣金沙鎮,19840.0,41.19,481.6703083,Cama,0,0.0
未涵蓋,金門縣,金寧鄉,金門縣金寧鄉,35287.0,29.854,1181.985664,Cama,0,0.0
未涵蓋,金門縣,烈嶼鄉,金門縣烈嶼鄉,12050.0,16.003,752.9838155,Cama,0,0.0
未涵蓋,金門縣,烏坵鄉,金門縣烏坵鄉,593.0,1.2,494.1666667,Cama,0,0.0
未涵蓋,連江縣,南竿鄉,連江縣南竿鄉,7629.0,10.4,733.5576923,Cama,0,0.0
未涵蓋,連江縣,北竿鄉,連江縣北竿鄉,2930.0,9.9,295.959596,Cama,0,0.0
未涵蓋,連江縣,莒光鄉,連江縣莒光鄉,1537.0,4.7,327.0212766,Cama,0,0.0
未涵蓋,連江縣,東引鄉,連江縣東引鄉,1525.0,3.8,401.3157895,Cama,0,0.0
北部,新北市,板橋區,新北市板橋區,549762.0,23.1373,23760.85369,丹堤咖啡,2,0.036
北部,新北市,三重區,新北市三重區,382778.0,16.317,23458.8466,丹堤咖啡,0,0.0
北部,新北市,中和區,新北市中和區,403791.0,20.144,20045.22438,丹堤咖啡,0,0.0
北部,新北市,永和區,新北市永和區,211536.0,5.7138,37021.94687,丹堤咖啡,0,0.0
北部,新北市,新莊區,新北市新莊區,421239.0,19.7383,21341.1996,丹堤咖啡,0,0.0
北部,新北市,新店區,新北市新店區,306884.0,120.2255,2552.569962,丹堤咖啡,1,0.033
北部,新北市,樹林區,新北市樹林區,177412.0,33.1288,5355.219628,丹堤咖啡,1,0.056
北部,新北市,鶯歌區,新北市鶯歌區,89501.0,21.1248,4236.773839,丹堤咖啡,0,0.0
北部,新北市,三峽區,新北市三峽區,115009.0,191.4508,600.7235279,丹堤咖啡,0,0.0
北部,新北市,淡水區,新北市淡水區,208004.0,70.6565,2943.87636,丹堤咖啡,1,0.048
北部,新北市,汐止區,新北市汐止區,212758.0,71.2354,2986.689202,丹堤咖啡,0,0.0
北部,新北市,瑞芳區,新北市瑞芳區,35623.0,70.7336,503.622041,丹堤咖啡,0,0.0
北部,新北市,土城區,新北市土城區,242713.0,29.5578,8211.470407,丹堤咖啡,0,0.0
北部,新北市,蘆洲區,新北市蘆洲區,196371.0,7.4351,26411.34618,丹堤咖啡,0,0.0
北部,新北市,五股區,新北市五股區,94717.0,34.8632,2716.818881,丹堤咖啡,0,0.0
北部,新北市,泰山區,新北市泰山區,78083.0,19.1603,4075.249344,丹堤咖啡,0,0.0
北部,新北市,林口區,新北市林口區,138461.0,54.1519,2556.900127,丹堤咖啡,1,0.072
北部,新北市,深坑區,新北市深坑區,23639.0,20.5787,1148.712018,丹堤咖啡,0,0.0
北部,新北市,石碇區,新北市石碇區,6917.0,144.3498,47.91832064,丹堤咖啡,0,0.0
北部,新北市,坪林區,新北市坪林區,6163.0,170.835,36.0757456,丹堤咖啡,0,0.0
北部,新北市,三芝區,新北市三芝區,22061.0,65.9909,334.3036691,丹堤咖啡,0,0.0
北部,新北市,石門區,新北市石門區,9994.0,51.2645,194.9497215,丹堤咖啡,0,0.0
北部,新北市,八里區,新北市八里區,43495.0,39.4933,1101.326048,丹堤咖啡,0,0.0
北部,新北市,平溪區,新北市平溪區,3900.0,71.3382,54.66916743,丹堤咖啡,0,0.0
北部,新北市,雙溪區,新北市雙溪區,7442.0,146.2484,50.88602679,丹堤咖啡,0,0.0
北部,新北市,貢寮區,新北市貢寮區,10445.0,99.9734,104.4777911,丹堤咖啡,0,0.0
北部,新北市,金山區,新北市金山區,19725.0,49.2132,400.8071005,丹堤咖啡,0,0.0
北部,新北市,萬里區,新北市萬里區,20209.0,63.3766,318.871634,丹堤咖啡,0,0.0
北部,新北市,烏來區,新北市烏來區,6199.0,321.1306,19.30367271,丹堤咖啡,0,0.0
北部,臺北市,松山區,臺北市松山區,187318.0,9.2878,20168.17761,丹堤咖啡,0,0.0
北部,臺北市,信義區,臺北市信義區,201446.0,11.2077,17973.89295,丹堤咖啡,2,0.099
北部,臺北市,大安區,臺北市大安區,282328.0,11.3614,24849.75443,丹堤咖啡,2,0.071
北部,臺北市,中山區,臺北市中山區,212152.0,13.6821,15505.80686,丹堤咖啡,4,0.189
北部,臺北市,中正區,臺北市中正區,144109.0,7.6071,18944.01283,丹堤咖啡,2,0.139
北部,臺北市,大同區,臺北市大同區,116618.0,5.6815,20525.91745,丹堤咖啡,0,0.0
北部,臺北市,萬華區,臺北市萬華區,168675.0,8.8522,19054.5853,丹堤咖啡,0,0.0
北部,臺北市,文山區,臺北市文山區,253822.0,31.509,8055.539687,丹堤咖啡,0,0.0
北部,臺北市,南港區,臺北市南港區,111239.0,21.8424,5092.801157,丹堤咖啡,0,0.0
北部,臺北市,內湖區,臺北市內湖區,267959.0,31.5787,8485.434803,丹堤咖啡,0,0.0
北部,臺北市,士林區,臺北市士林區,258163.0,62.3682,4139.337034,丹堤咖啡,2,0.077
北部,臺北市,北投區,臺北市北投區,235678.0,56.8216,4147.683275,丹堤咖啡,0,0.0
北部,桃園市,桃園區,桃園市桃園區,478487.0,34.8046,13747.8092,丹堤咖啡,0,0.0
北部,桃園市,中壢區,桃園市中壢區,439213.0,76.52,5739.845792,丹堤咖啡,0,0.0
北部,桃園市,大溪區,桃園市大溪區,93799.0,105.1206,892.2989405,丹堤咖啡,0,0.0
北部,桃園市,楊梅區,桃園市楊梅區,182837.0,89.1229,2051.515379,丹堤咖啡,0,0.0
北部,桃園市,蘆竹區,桃園市蘆竹區,170556.0,75.5025,2258.945068,丹堤咖啡,0,0.0
北部,桃園市,大園區,桃園市大園區,89713.0,87.3925,1026.552622,丹堤咖啡,0,0.0
北部,桃園市,龜山區,桃園市龜山區,188328.0,72.0177,2615.023807,丹堤咖啡,0,0.0
北部,桃園市,八德區,桃園市八德區,216058.0,33.7111,6409.105606,丹堤咖啡,0,0.0
北部,桃園市,龍潭區,桃園市龍潭區,127360.0,75.2341,1692.849386,丹堤咖啡,0,0.0
北部,桃園市,平鎮區,桃園市平鎮區,228210.0,47.7532,4778.946751,丹堤咖啡,0,0.0
北部,桃園市,新屋區,桃園市新屋區,49723.0,85.0166,584.8622504,丹堤咖啡,0,0.0
北部,桃園市,觀音區,桃園市觀音區,77526.0,87.9807,881.1705294,丹堤咖啡,0,0.0
北部,桃園市,復興區,桃園市復興區,13296.0,350.7775,37.90436958,丹堤咖啡,0,0.0
中部,臺中市,中區,臺中市中區,18029.0,0.8803,20480.51801,丹堤咖啡,0,0.0
中部,臺中市,東區,臺中市東區,77745.0,9.2855,8372.731678,丹堤咖啡,0,0.0
中部,臺中市,南區,臺中市南區,128309.0,6.8101,18840.98618,丹堤咖啡,0,0.0
中部,臺中市,西區,臺中市西區,113288.0,5.7042,19860.4537,丹堤咖啡,0,0.0
中部,臺中市,北區,臺中市北區,143537.0,6.9376,20689.71979,丹堤咖啡,0,0.0
中部,臺中市,西屯區,臺中市西屯區,238052.0,39.8467,5974.196107,丹堤咖啡,1,0.042
中部,臺中市,南屯區,臺中市南屯區,186105.0,31.2578,5953.873913,丹堤咖啡,0,0.0
中部,臺中市,北屯區,臺中市北屯區,317182.0,62.7034,5058.449781,丹堤咖啡,0,0.0
中部,臺中市,豐原區,臺中市豐原區,161771.0,41.1845,3927.958334,丹堤咖啡,0,0.0
中部,臺中市,東勢區,臺中市東勢區,46488.0,117.4065,395.9576344,丹堤咖啡,0,0.0
中部,臺中市,大甲區,臺中市大甲區,73108.0,58.5192,1249.299375,丹堤咖啡,0,0.0
中部,臺中市,清水區,臺中市清水區,90640.0,64.1709,1412.478242,丹堤咖啡,0,0.0
中部,臺中市,沙鹿區,臺中市沙鹿區,101419.0,40.4604,2506.623761,丹堤咖啡,0,0.0
中部,臺中市,梧棲區,臺中市梧棲區,65685.0,16.6049,3955.760047,丹堤咖啡,0,0.0
中部,臺中市,后里區,臺中市后里區,52754.0,58.9439,894.9865889,丹堤咖啡,0,0.0
中部,臺中市,神岡區,臺中市神岡區,63271.0,35.0445,1805.44736,丹堤咖啡,0,0.0
中部,臺中市,潭子區,臺中市潭子區,109314.0,25.8497,4228.830509,丹堤咖啡,0,0.0
中部,臺中市,大雅區,臺中市大雅區,94741.0,32.4109,2923.121542,丹堤咖啡,0,0.0
中部,臺中市,新社區,臺中市新社區,22579.0,68.8874,327.7667614,丹堤咖啡,0,0.0
中部,臺中市,石岡區,臺中市石岡區,13668.0,18.2105,750.5559979,丹堤咖啡,0,0.0
中部,臺中市,外埔區,臺中市外埔區,30823.0,42.4099,726.7878491,丹堤咖啡,0,0.0
中部,臺中市,大安區,臺中市大安區,17487.0,27.4045,638.1068803,丹堤咖啡,0,0.0
中部,臺中市,烏日區,臺中市烏日區,82248.0,43.4032,1894.975486,丹堤咖啡,0,0.0
中部,臺中市,大肚區,臺中市大肚區,55255.0,37.0024,1493.281517,丹堤咖啡,0,0.0
中部,臺中市,龍井區,臺中市龍井區,79241.0,38.0377,2083.222697,丹堤咖啡,0,0.0
中部,臺中市,霧峰區,臺中市霧峰區,62627.0,98.0779,638.5434435,丹堤咖啡,0,0.0
中部,臺中市,太平區,臺中市太平區,201536.0,120.7473,1669.072518,丹堤咖啡,0,0.0
中部,臺中市,大里區,臺中市大里區,211094.0,28.8758,7310.412179,丹堤咖啡,0,0.0
中部,臺中市,和平區,臺中市和平區,10469.0,1037.8192,10.08749886,丹堤咖啡,0,0.0
南部,臺南市,新營區,臺南市新營區,74493.0,38.5386,1932.945151,丹堤咖啡,0,0.0
南部,臺南市,鹽水區,臺南市鹽水區,23635.0,52.2455,452.3834589,丹堤咖啡,0,0.0
南部,臺南市,白河區,臺南市白河區,24948.0,126.4046,197.3662351,丹堤咖啡,0,0.0
南部,臺南市,柳營區,臺南市柳營區,19831.0,61.2929,323.5448151,丹堤咖啡,0,0.0
南部,臺南市,後壁區,臺南市後壁區,20840.0,72.2189,288.5671202,丹堤咖啡,0,0.0
南部,臺南市,東山區,臺南市東山區,18490.0,124.9178,148.0173362,丹堤咖啡,0,0.0
南部,臺南市,麻豆區,臺南市麻豆區,42873.0,53.9744,794.3210114,丹堤咖啡,0,0.0
南部,臺南市,下營區,臺南市下營區,21742.0,33.5291,648.4516435,丹堤咖啡,0,0.0
南部,臺南市,六甲區,臺南市六甲區,20880.0,67.5471,309.1176379,丹堤咖啡,0,0.0
南部,臺南市,官田區,臺南市官田區,20527.0,70.7953,289.9486265,丹堤咖啡,0,0.0
南部,臺南市,大內區,臺南市大內區,8427.0,70.3125,119.8506667,丹堤咖啡,0,0.0
南部,臺南市,佳里區,臺南市佳里區,58328.0,38.9422,1497.809574,丹堤咖啡,0,0.0
南部,臺南市,學甲區,臺南市學甲區,24365.0,53.9919,451.2713944,丹堤咖啡,0,0.0
南部,臺南市,西港區,臺南市西港區,24811.0,33.7666,734.7793382,丹堤咖啡,0,0.0
南部,臺南市,七股區,臺南市七股區,20493.0,110.1492,186.0476517,丹堤咖啡,0,0.0
南部,臺南市,將軍區,臺南市將軍區,17598.0,41.9796,419.2036132,丹堤咖啡,0,0.0
南部,臺南市,北門區,臺南市北門區,9436.0,44.1003,213.9667984,丹堤咖啡,0,0.0
南部,臺南市,新化區,臺南市新化區,41932.0,62.0579,675.6915719,丹堤咖啡,0,0.0
南部,臺南市,善化區,臺南市善化區,53888.0,55.3097,974.295648,丹堤咖啡,0,0.0
南部,臺南市,新市區,臺南市新市區,38279.0,47.8096,800.6550986,丹堤咖啡,0,0.0
南部,臺南市,安定區,臺南市安定區,29783.0,31.27,952.4464343,丹堤咖啡,0,0.0
南部,臺南市,山上區,臺南市山上區,6796.0,27.878,243.7764546,丹堤咖啡,0,0.0
南部,臺南市,玉井區,臺南市玉井區,12674.0,76.3662,165.963476,丹堤咖啡,0,0.0
南部,臺南市,楠西區,臺南市楠西區,8392.0,109.6316,76.54727287,丹堤咖啡,0,0.0
南部,臺南市,南化區,臺南市南化區,7606.0,171.5198,44.34473454,丹堤咖啡,0,0.0
南部,臺南市,左鎮區,臺南市左鎮區,4095.0,74.9025,54.67107239,丹堤咖啡,0,0.0
南部,臺南市,仁德區,臺南市仁德區,77496.0,50.7664,1526.521479,丹堤咖啡,0,0.0
南部,臺南市,歸仁區,臺南市歸仁區,70574.0,55.7913,1264.964251,丹堤咖啡,0,0.0
南部,臺南市,關廟區,臺南市關廟區,33198.0,53.6413,618.888804,丹堤咖啡,0,0.0
南部,臺南市,龍崎區,臺南市龍崎區,3234.0,64.0814,50.46706221,丹堤咖啡,0,0.0
南部,臺南市,永康區,臺南市永康區,235805.0,40.2753,5854.829138,丹堤咖啡,0,0.0
南部,臺南市,東區,臺南市東區,180856.0,13.4156,13481.02209,丹堤咖啡,0,0.0
南部,臺南市,南區,臺南市南區,119121.0,27.2681,4368.511191,丹堤咖啡,0,0.0
南部,臺南市,北區,臺南市北區,125439.0,10.434,12022.13916,丹堤咖啡,0,0.0
南部,臺南市,安南區,臺南市安南區,204534.0,107.2016,1907.937941,丹堤咖啡,0,0.0
南部,臺南市,安平區,臺南市安平區,71256.0,11.0663,6439.008521,丹堤咖啡,0,0.0
南部,臺南市,中西區,臺南市中西區,75802.0,6.26,12108.94569,丹堤咖啡,0,0.0
南部,高雄市,鹽埕區,高雄市鹽埕區,21871.0,1.4161,15444.53075,丹堤咖啡,0,0.0
南部,高雄市,鼓山區,高雄市鼓山區,140791.0,14.7523,9543.664378,丹堤咖啡,1,0.071
南部,高雄市,左營區,高雄市左營區,197621.0,19.3823,10195.95198,丹堤咖啡,0,0.0
南部,高雄市,楠梓區,高雄市楠梓區,195613.0,25.8276,7573.797023,丹堤咖啡,0,0.0
南部,高雄市,三民區,高雄市三民區,328827.0,19.7866,16618.67122,丹堤咖啡,0,0.0
南部,高雄市,新興區,高雄市新興區,49380.0,1.9764,24984.82089,丹堤咖啡,0,0.0
南部,高雄市,前金區,高雄市前金區,27670.0,1.8573,14897.97017,丹堤咖啡,0,0.0
南部,高雄市,苓雅區,高雄市苓雅區,161185.0,8.1522,19771.9634,丹堤咖啡,0,0.0
南部,高雄市,前鎮區,高雄市前鎮區,176845.0,19.1207,9248.876872,丹堤咖啡,0,0.0
南部,高雄市,旗津區,高雄市旗津區,24906.0,1.7341,14362.49351,丹堤咖啡,0,0.0
南部,高雄市,小港區,高雄市小港區,153310.0,45.4426,3373.70661,丹堤咖啡,0,0.0
南部,高雄市,鳳山區,高雄市鳳山區,353000.0,26.759,13191.82331,丹堤咖啡,0,0.0
南部,高雄市,林園區,高雄市林園區,67341.0,32.286,2085.764728,丹堤咖啡,0,0.0
南部,高雄市,大寮區,高雄市大寮區,112239.0,71.04,1579.940878,丹堤咖啡,0,0.0
南部,高雄市,大樹區,高雄市大樹區,39906.0,66.9811,595.7800036,丹堤咖啡,0,0.0
南部,高雄市,大社區,高雄市大社區,33741.0,26.5848,1269.183895,丹堤咖啡,0,0.0
南部,高雄市,仁武區,高雄市仁武區,100311.0,36.0808,2780.176714,丹堤咖啡,0,0.0
南部,高雄市,鳥松區,高雄市鳥松區,43703.0,24.5927,1777.072058,丹堤咖啡,0,0.0
南部,高雄市,岡山區,高雄市岡山區,94624.0,47.9421,1973.714126,丹堤咖啡,0,0.0
南部,高雄市,橋頭區,高雄市橋頭區,43341.0,25.9379,1670.952544,丹堤咖啡,0,0.0
南部,高雄市,燕巢區,高雄市燕巢區,28348.0,65.395,433.4887988,丹堤咖啡,0,0.0
南部,高雄市,田寮區,高雄市田寮區,6125.0,92.6802,66.08747068,丹堤咖啡,0,0.0
南部,高雄市,阿蓮區,高雄市阿蓮區,26785.0,34.6164,773.7661917,丹堤咖啡,0,0.0
南部,高雄市,路竹區,高雄市路竹區,48906.0,48.4348,1009.728542,丹堤咖啡,0,0.0
南部,高雄市,湖內區,高雄市湖內區,29295.0,20.1615,1453.016889,丹堤咖啡,0,0.0
南部,高雄市,茄萣區,高雄市茄萣區,28732.0,15.7624,1822.81886,丹堤咖啡,0,0.0
南部,高雄市,永安區,高雄市永安區,13510.0,22.6141,597.4148872,丹堤咖啡,0,0.0
南部,高雄市,彌陀區,高雄市彌陀區,17715.0,14.7772,1198.806269,丹堤咖啡,0,0.0
南部,高雄市,梓官區,高雄市梓官區,34701.0,11.5967,2992.31678,丹堤咖啡,0,0.0
南部,高雄市,旗山區,高雄市旗山區,33368.0,94.6122,352.6817895,丹堤咖啡,0,0.0
南部,高雄市,美濃區,高雄市美濃區,36074.0,120.0316,300.5375251,丹堤咖啡,0,0.0
南部,高雄市,六龜區,高雄市六龜區,11286.0,194.1584,58.12779669,丹堤咖啡,0,0.0
南部,高雄市,甲仙區,高雄市甲仙區,5279.0,124.034,42.56091072,丹堤咖啡,0,0.0
南部,高雄市,杉林區,高雄市杉林區,10569.0,104.0036,101.6214823,丹堤咖啡,0,0.0
南部,高雄市,內門區,高雄市內門區,12519.0,95.6224,130.9212067,丹堤咖啡,0,0.0
南部,高雄市,茂林區,高雄市茂林區,1846.0,194.0,9.515463918,丹堤咖啡,0,0.0
南部,高雄市,桃源區,高雄市桃源區,4151.0,928.98,4.468341622,丹堤咖啡,0,0.0
南部,高雄市,那瑪夏區,高雄市那瑪夏區,3111.0,252.9895,12.29695304,丹堤咖啡,0,0.0
北部,宜蘭縣,宜蘭市,宜蘭縣宜蘭市,94561.0,29.408,3215.485582,丹堤咖啡,0,0.0
北部,宜蘭縣,羅東鎮,宜蘭縣羅東鎮,68960.0,11.3448,6078.555814,丹堤咖啡,0,0.0
北部,宜蘭縣,蘇澳鎮,宜蘭縣蘇澳鎮,36413.0,89.0196,409.0447497,丹堤咖啡,0,0.0
北部,宜蘭縣,頭城鎮,宜蘭縣頭城鎮,27868.0,100.893,276.2134142,丹堤咖啡,0,0.0
北部,宜蘭縣,礁溪鄉,宜蘭縣礁溪鄉,36629.0,101.4278,361.1337326,丹堤咖啡,0,0.0
北部,宜蘭縣,壯圍鄉,宜蘭縣壯圍鄉,24479.0,38.4769,636.1999018,丹堤咖啡,0,0.0
北部,宜蘭縣,員山鄉,宜蘭縣員山鄉,32226.0,111.9106,287.9619982,丹堤咖啡,0,0.0
北部,宜蘭縣,冬山鄉,宜蘭縣冬山鄉,52938.0,79.8573,662.9074612,丹堤咖啡,0,0.0
北部,宜蘭縣,五結鄉,宜蘭縣五結鄉,41737.0,38.8671,1073.838799,丹堤咖啡,0,0.0
北部,宜蘭縣,三星鄉,宜蘭縣三星鄉,21356.0,144.2238,148.0754217,丹堤咖啡,0,0.0
北部,宜蘭縣,大同鄉,宜蘭縣大同鄉,5998.0,657.5442,9.121820252,丹堤咖啡,0,0.0
北部,宜蘭縣,南澳鄉,宜蘭縣南澳鄉,6171.0,740.652,8.331848155,丹堤咖啡,0,0.0
北部,新竹縣,竹北市,新竹縣竹北市,220973.0,46.8341,4718.20746,丹堤咖啡,1,0.045
北部,新竹縣,關西鎮,新竹縣關西鎮,26011.0,125.5193,207.2270958,丹堤咖啡,0,0.0
北部,新竹縣,新埔鎮,新竹縣新埔鎮,33561.0,72.1911,464.8911015,丹堤咖啡,0,0.0
北部,新竹縣,竹東鎮,新竹縣竹東鎮,97894.0,53.5133,1829.339622,丹堤咖啡,0,0.0
北部,新竹縣,湖口鄉,新竹縣湖口鄉,84963.0,58.4303,1454.091456,丹堤咖啡,0,0.0
北部,新竹縣,橫山鄉,新竹縣橫山鄉,11901.0,66.3502,179.3664526,丹堤咖啡,0,0.0
北部,新竹縣,新豐鄉,新竹縣新豐鄉,59839.0,46.3496,1291.035953,丹堤咖啡,0,0.0
北部,新竹縣,芎林鄉,新竹縣芎林鄉,20385.0,40.7858,499.8063051,丹堤咖啡,0,0.0
北部,新竹縣,寶山鄉,新竹縣寶山鄉,14588.0,64.7871,225.168282,丹堤咖啡,0,0.0
北部,新竹縣,北埔鄉,新竹縣北埔鄉,8289.0,50.6676,163.5956706,丹堤咖啡,0,0.0
北部,新竹縣,峨眉鄉,新竹縣峨眉鄉,4970.0,46.801,106.1943121,丹堤咖啡,0,0.0
北部,新竹縣,尖石鄉,新竹縣尖石鄉,9464.0,527.5795,17.9385287,丹堤咖啡,0,0.0
北部,新竹縣,五峰鄉,新竹縣五峰鄉,4397.0,227.728,19.30812197,丹堤咖啡,0,0.0
中部,苗栗縣,苗栗市,苗栗縣苗栗市,85838.0,37.8878,2265.584172,丹堤咖啡,0,0.0
中部,苗栗縣,頭份市,苗栗縣頭份市,108231.0,53.3205,2029.819675,丹堤咖啡,0,0.0
中部,苗栗縣,苑裡鎮,苗栗縣苑裡鎮,43237.0,68.2473,633.5342204,丹堤咖啡,0,0.0
中部,苗栗縣,通霄鎮,苗栗縣通霄鎮,30618.0,107.8486,283.8979829,丹堤咖啡,0,0.0
中部,苗栗縣,竹南鎮,苗栗縣竹南鎮,91538.0,37.5592,2437.165861,丹堤咖啡,0,0.0
中部,苗栗縣,後龍鎮,苗栗縣後龍鎮,33531.0,75.8079,442.3153787,丹堤咖啡,0,0.0
中部,苗栗縣,卓蘭鎮,苗栗縣卓蘭鎮,14483.0,76.3153,189.7784586,丹堤咖啡,0,0.0
中部,苗栗縣,大湖鄉,苗栗縣大湖鄉,12310.0,90.8396,135.5135866,丹堤咖啡,0,0.0
中部,苗栗縣,公館鄉,苗栗縣公館鄉,30461.0,71.4523,426.312379,丹堤咖啡,0,0.0
中部,苗栗縣,銅鑼鄉,苗栗縣銅鑼鄉,16079.0,78.3805,205.1403091,丹堤咖啡,0,0.0
中部,苗栗縣,南庄鄉,苗栗縣南庄鄉,8576.0,165.4938,51.82067244,丹堤咖啡,0,0.0
中部,苗栗縣,頭屋鄉,苗栗縣頭屋鄉,9354.0,52.5046,178.1558187,丹堤咖啡,0,0.0
中部,苗栗縣,三義鄉,苗栗縣三義鄉,14485.0,69.3424,208.8909527,丹堤咖啡,0,0.0
中部,苗栗縣,西湖鄉,苗栗縣西湖鄉,5875.0,41.0758,143.0282551,丹堤咖啡,0,0.0
中部,苗栗縣,造橋鄉,苗栗縣造橋鄉,11548.0,47.9978,240.5943606,丹堤咖啡,0,0.0
中部,苗栗縣,三灣鄉,苗栗縣三灣鄉,5664.0,52.2964,108.3057342,丹堤咖啡,0,0.0
中部,苗栗縣,獅潭鄉,苗栗縣獅潭鄉,3943.0,79.4324,49.63969363,丹堤咖啡,0,0.0
中部,苗栗縣,泰安鄉,苗栗縣泰安鄉,5401.0,614.5127,8.789077915,丹堤咖啡,0,0.0
中部,彰化縣,彰化市,彰化縣彰化市,220487.0,65.6947,3356.237261,丹堤咖啡,0,0.0
中部,彰化縣,員林市,彰化縣員林市,122148.0,40.038,3050.801738,丹堤咖啡,0,0.0
中部,彰化縣,鹿港鎮,彰化縣鹿港鎮,82212.0,39.4625,2083.294267,丹堤咖啡,0,0.0
中部,彰化縣,和美鎮,彰化縣和美鎮,86635.0,39.9345,2169.427437,丹堤咖啡,0,0.0
中部,彰化縣,北斗鎮,彰化縣北斗鎮,33099.0,19.2547,1719.008865,丹堤咖啡,0,0.0
中部,彰化縣,溪湖鎮,彰化縣溪湖鎮,52832.0,32.0592,1647.95129,丹堤咖啡,0,0.0
中部,彰化縣,田中鎮,彰化縣田中鎮,38273.0,34.6056,1105.977067,丹堤咖啡,0,0.0
中部,彰化縣,二林鎮,彰化縣二林鎮,46419.0,92.8478,499.9472255,丹堤咖啡,0,0.0
中部,彰化縣,線西鄉,彰化縣線西鄉,16014.0,18.0856,885.4558323,丹堤咖啡,0,0.0
中部,彰化縣,伸港鄉,彰化縣伸港鄉,38146.0,22.3268,1708.529659,丹堤咖啡,0,0.0
中部,彰化縣,福興鄉,彰化縣福興鄉,44284.0,49.8934,887.5723042,丹堤咖啡,0,0.0
中部,彰化縣,秀水鄉,彰化縣秀水鄉,37356.0,29.3447,1273.00671,丹堤咖啡,0,0.0
中部,彰化縣,花壇鄉,彰化縣花壇鄉,42816.0,36.3469,1177.982166,丹堤咖啡,0,0.0
中部,彰化縣,芬園鄉,彰化縣芬園鄉,21334.0,38.0204,561.1198199,丹堤咖啡,0,0.0
中部,彰化縣,大村鄉,彰化縣大村鄉,38919.0,30.7837,1264.272976,丹堤咖啡,0,0.0
中部,彰化縣,埔鹽鄉,彰化縣埔鹽鄉,30041.0,38.6081,778.1009684,丹堤咖啡,0,0.0
中部,彰化縣,埔心鄉,彰化縣埔心鄉,33082.0,20.9526,1578.89713,丹堤咖啡,0,0.0
中部,彰化縣,永靖鄉,彰化縣永靖鄉,34177.0,20.6382,1656.006822,丹堤咖啡,0,0.0
中部,彰化縣,社頭鄉,彰化縣社頭鄉,40272.0,36.1449,1114.182084,丹堤咖啡,0,0.0
中部,彰化縣,二水鄉,彰化縣二水鄉,13220.0,29.4449,448.9741857,丹堤咖啡,0,0.0
中部,彰化縣,田尾鄉,彰化縣田尾鄉,25251.0,24.0375,1050.483619,丹堤咖啡,0,0.0
中部,彰化縣,埤頭鄉,彰化縣埤頭鄉,27997.0,42.7508,654.8883296,丹堤咖啡,0,0.0
中部,彰化縣,芳苑鄉,彰化縣芳苑鄉,29880.0,91.3827,326.9765503,丹堤咖啡,0,0.0
中部,彰化縣,大城鄉,彰化縣大城鄉,14146.0,63.7406,221.9307631,丹堤咖啡,0,0.0
中部,彰化縣,竹塘鄉,彰化縣竹塘鄉,13918.0,42.1662,330.0747992,丹堤咖啡,0,0.0
中部,彰化縣,溪州鄉,彰化縣溪州鄉,27248.0,75.831,359.3253419,丹堤咖啡,0,0.0
中部,南投縣,南投市,南投縣南投市,96229.0,71.6021,1343.94103,丹堤咖啡,0,0.0
中部,南投縣,埔里鎮,南投縣埔里鎮,75613.0,162.2227,466.1061615,丹堤咖啡,0,0.0
中部,南投縣,草屯鎮,南投縣草屯鎮,97724.0,104.0327,939.3584902,丹堤咖啡,0,0.0
中部,南投縣,竹山鎮,南投縣竹山鎮,49905.0,247.3339,201.7717749,丹堤咖啡,0,0.0
中部,南投縣,集集鎮,南投縣集集鎮,9882.0,49.7268,198.725838,丹堤咖啡,0,0.0
中部,南投縣,名間鄉,南投縣名間鄉,34557.0,83.0955,415.8708955,丹堤咖啡,0,0.0
中部,南投縣,鹿谷鄉,南投縣鹿谷鄉,15454.0,141.8981,108.9091397,丹堤咖啡,0,0.0
中部,南投縣,中寮鄉,南投縣中寮鄉,12825.0,146.6541,87.45067475,丹堤咖啡,0,0.0
中部,南投縣,魚池鄉,南投縣魚池鄉,14098.0,121.3735,116.1538557,丹堤咖啡,0,0.0
中部,南投縣,國姓鄉,南投縣國姓鄉,15963.0,175.7042,90.8515562,丹堤咖啡,0,0.0
中部,南投縣,水里鄉,南投縣水里鄉,15452.0,106.8424,144.6242316,丹堤咖啡,0,0.0
中部,南投縣,信義鄉,南投縣信義鄉,14886.0,1422.4188,10.46527225,丹堤咖啡,0,0.0
中部,南投縣,仁愛鄉,南投縣仁愛鄉,15293.0,1273.5312,12.00834342,丹堤咖啡,0,0.0
中部,雲林縣,斗六市,雲林縣斗六市,109030.0,93.7151,1163.419769,丹堤咖啡,0,0.0
中部,雲林縣,斗南鎮,雲林縣斗南鎮,43322.0,48.1505,899.7206675,丹堤咖啡,0,0.0
中部,雲林縣,虎尾鎮,雲林縣虎尾鎮,71349.0,68.742,1037.924413,丹堤咖啡,0,0.0
中部,雲林縣,西螺鎮,雲林縣西螺鎮,43975.0,49.7985,883.0587267,丹堤咖啡,0,0.0
中部,雲林縣,土庫鎮,雲林縣土庫鎮,27234.0,49.0212,555.5555556,丹堤咖啡,0,0.0
中部,雲林縣,北港鎮,雲林縣北港鎮,37053.0,41.4999,892.8455249,丹堤咖啡,0,0.0
中部,雲林縣,古坑鄉,雲林縣古坑鄉,29193.0,166.6059,175.2218859,丹堤咖啡,0,0.0
中部,雲林縣,大埤鄉,雲林縣大埤鄉,17521.0,44.9973,389.3789183,丹堤咖啡,0,0.0
中部,雲林縣,莿桐鄉,雲林縣莿桐鄉,27201.0,50.8502,534.9241498,丹堤咖啡,0,0.0
中部,雲林縣,林內鄉,雲林縣林內鄉,16285.0,37.6035,433.0713896,丹堤咖啡,0,0.0
中部,雲林縣,二崙鄉,雲林縣二崙鄉,24165.0,59.5625,405.7082896,丹堤咖啡,0,0.0
中部,雲林縣,崙背鄉,雲林縣崙背鄉,22255.0,58.484,380.5314274,丹堤咖啡,0,0.0
中部,雲林縣,麥寮鄉,雲林縣麥寮鄉,48815.0,80.1668,608.9179062,丹堤咖啡,0,0.0
中部,雲林縣,東勢鄉,雲林縣東勢鄉,12885.0,48.3562,266.4601437,丹堤咖啡,0,0.0
中部,雲林縣,褒忠鄉,雲林縣褒忠鄉,11490.0,37.0552,310.0779378,丹堤咖啡,0,0.0
中部,雲林縣,臺西鄉,雲林縣臺西鄉,20778.0,54.0983,384.0786125,丹堤咖啡,0,0.0
中部,雲林縣,元長鄉,雲林縣元長鄉,22478.0,71.5872,313.9946806,丹堤咖啡,0,0.0
中部,雲林縣,四湖鄉,雲林縣四湖鄉,20210.0,77.1189,262.0628666,丹堤咖啡,0,0.0
中部,雲林縣,口湖鄉,雲林縣口湖鄉,23945.0,80.4612,297.5968541,丹堤咖啡,0,0.0
中部,雲林縣,水林鄉,雲林縣水林鄉,21805.0,72.9582,298.8697638,丹堤咖啡,0,0.0
南部,嘉義縣,太保市,嘉義縣太保市,39923.0,66.8964,596.7884669,丹堤咖啡,0,0.0
南部,嘉義縣,朴子市,嘉義縣朴子市,39950.0,49.5737,805.8708549,丹堤咖啡,0,0.0
南部,嘉義縣,布袋鎮,嘉義縣布袋鎮,23589.0,61.7307,382.1275314,丹堤咖啡,0,0.0
南部,嘉義縣,大林鎮,嘉義縣大林鎮,29542.0,64.1663,460.397436,丹堤咖啡,0,0.0
南部,嘉義縣,民雄鄉,嘉義縣民雄鄉,69716.0,85.4969,815.4213779,丹堤咖啡,0,0.0
南部,嘉義縣,溪口鄉,嘉義縣溪口鄉,12604.0,33.0463,381.4042722,丹堤咖啡,0,0.0
南部,嘉義縣,新港鄉,嘉義縣新港鄉,29006.0,66.0495,439.1554819,丹堤咖啡,0,0.0
南部,嘉義縣,六腳鄉,嘉義縣六腳鄉,20044.0,62.2619,321.9304262,丹堤咖啡,0,0.0
南部,嘉義縣,東石鄉,嘉義縣東石鄉,21671.0,81.5821,265.6342507,丹堤咖啡,0,0.0
南部,嘉義縣,義竹鄉,嘉義縣義竹鄉,15829.0,79.2925,199.6279598,丹堤咖啡,0,0.0
南部,嘉義縣,鹿草鄉,嘉義縣鹿草鄉,13460.0,54.3151,247.8132232,丹堤咖啡,0,0.0
南部,嘉義縣,水上鄉,嘉義縣水上鄉,46932.0,69.1198,678.9950202,丹堤咖啡,0,0.0
南部,嘉義縣,中埔鄉,嘉義縣中埔鄉,41673.0,129.5016,321.795252,丹堤咖啡,0,0.0
南部,嘉義縣,竹崎鄉,嘉義縣竹崎鄉,32160.0,162.2256,198.2424476,丹堤咖啡,0,0.0
南部,嘉義縣,梅山鄉,嘉義縣梅山鄉,17177.0,119.7571,143.4319969,丹堤咖啡,0,0.0
南部,嘉義縣,番路鄉,嘉義縣番路鄉,10582.0,117.5269,90.03896129,丹堤咖啡,0,0.0
南部,嘉義縣,大埔鄉,嘉義縣大埔鄉,4160.0,173.2472,24.01193208,丹堤咖啡,0,0.0
南部,嘉義縣,阿里山鄉,嘉義縣阿里山鄉,5163.0,427.8471,12.0673951,丹堤咖啡,0,0.0
南部,屏東縣,屏東市,屏東縣屏東市,191466.0,65.067,2942.59763,丹堤咖啡,0,0.0
南部,屏東縣,潮州鎮,屏東縣潮州鎮,53723.0,42.4331,1266.063521,丹堤咖啡,0,0.0
南部,屏東縣,東港鎮,屏東縣東港鎮,45879.0,29.4635,1557.146978,丹堤咖啡,0,0.0
南部,屏東縣,恆春鎮,屏東縣恆春鎮,28770.0,136.763,210.3639142,丹堤咖啡,0,0.0
南部,屏東縣,萬丹鄉,屏東縣萬丹鄉,48586.0,57.4679,845.4458924,丹堤咖啡,0,0.0
南部,屏東縣,長治鄉,屏東縣長治鄉,29192.0,39.8861,731.8840398,丹堤咖啡,0,0.0
南部,屏東縣,麟洛鄉,屏東縣麟洛鄉,10406.0,16.26,639.9753998,丹堤咖啡,0,0.0
南部,屏東縣,九如鄉,屏東縣九如鄉,21420.0,42.0187,509.7730296,丹堤咖啡,0,0.0
南部,屏東縣,里港鄉,屏東縣里港鄉,24948.0,68.9208,361.9807083,丹堤咖啡,0,0.0
南部,屏東縣,鹽埔鄉,屏東縣鹽埔鄉,23106.0,64.3493,359.0715051,丹堤咖啡,0,0.0
南部,屏東縣,高樹鄉,屏東縣高樹鄉,21935.0,90.1522,243.3107567,丹堤咖啡,0,0.0
南部,屏東縣,萬巒鄉,屏東縣萬巒鄉,18654.0,60.7315,307.1552654,丹堤咖啡,0,0.0
南部,屏東縣,內埔鄉,屏東縣內埔鄉,52760.0,81.8554,644.5512452,丹堤咖啡,0,0.0
南部,屏東縣,竹田鄉,屏東縣竹田鄉,15363.0,29.0732,528.4248036,丹堤咖啡,0,0.0
南部,屏東縣,新埤鄉,屏東縣新埤鄉,8983.0,59.0102,152.2279199,丹堤咖啡,0,0.0
南部,屏東縣,枋寮鄉,屏東縣枋寮鄉,22321.0,57.7347,386.6132499,丹堤咖啡,0,0.0
南部,屏東縣,新園鄉,屏東縣新園鄉,31703.0,38.3109,827.5190612,丹堤咖啡,0,0.0
南部,屏東縣,崁頂鄉,屏東縣崁頂鄉,14459.0,31.2659,462.4527041,丹堤咖啡,0,0.0
南部,屏東縣,林邊鄉,屏東縣林邊鄉,15821.0,15.6233,1012.654177,丹堤咖啡,0,0.0
南部,屏東縣,南州鄉,屏東縣南州鄉,9600.0,18.97,506.0622035,丹堤咖啡,0,0.0
南部,屏東縣,佳冬鄉,屏東縣佳冬鄉,17323.0,30.9842,559.0914079,丹堤咖啡,0,0.0
南部,屏東縣,琉球鄉,屏東縣琉球鄉,12076.0,6.8018,1775.412391,丹堤咖啡,0,0.0
南部,屏東縣,車城鄉,屏東縣車城鄉,7694.0,49.8517,154.3377658,丹堤咖啡,0,0.0
南部,屏東縣,滿州鄉,屏東縣滿州鄉,6927.0,142.2013,48.71263484,丹堤咖啡,0,0.0
南部,屏東縣,枋山鄉,屏東縣枋山鄉,4905.0,17.2697,284.0234631,丹堤咖啡,0,0.0
南部,屏東縣,三地門鄉,屏東縣三地門鄉,7598.0,196.3965,38.68704381,丹堤咖啡,0,0.0
南部,屏東縣,霧臺鄉,屏東縣霧臺鄉,3166.0,278.796,11.35597354,丹堤咖啡,0,0.0
南部,屏東縣,瑪家鄉,屏東縣瑪家鄉,6647.0,78.7008,84.45911604,丹堤咖啡,0,0.0
南部,屏東縣,泰武鄉,屏東縣泰武鄉,5190.0,118.6266,43.75072707,丹堤咖啡,0,0.0
南部,屏東縣,來義鄉,屏東縣來義鄉,7282.0,167.7756,43.40321239,丹堤咖啡,0,0.0
南部,屏東縣,春日鄉,屏東縣春日鄉,4857.0,160.001,30.35606027,丹堤咖啡,0,0.0
南部,屏東縣,獅子鄉,屏東縣獅子鄉,4825.0,301.0018,16.02980447,丹堤咖啡,0,0.0
南部,屏東縣,牡丹鄉,屏東縣牡丹鄉,4671.0,181.8366,25.68789782,丹堤咖啡,0,0.0
未涵蓋,臺東縣,臺東市,臺東縣臺東市,102681.0,109.7691,935.4271831,丹堤咖啡,0,0.0
未涵蓋,臺東縣,成功鎮,臺東縣成功鎮,12754.0,143.9939,88.5731965,丹堤咖啡,0,0.0
未涵蓋,臺東縣,關山鎮,臺東縣關山鎮,7757.0,58.7351,132.0675371,丹堤咖啡,0,0.0
未涵蓋,臺東縣,卑南鄉,臺東縣卑南鄉,16264.0,412.6871,39.41000337,丹堤咖啡,0,0.0
未涵蓋,臺東縣,大武鄉,臺東縣大武鄉,5327.0,69.1454,77.04055512,丹堤咖啡,0,0.0
未涵蓋,臺東縣,太麻里鄉,臺東縣太麻里鄉,10375.0,96.6523,107.3435397,丹堤咖啡,0,0.0
未涵蓋,臺東縣,東河鄉,臺東縣東河鄉,7710.0,210.1908,36.68095844,丹堤咖啡,0,0.0
未涵蓋,臺東縣,長濱鄉,臺東縣長濱鄉,6469.0,155.1868,41.68524643,丹堤咖啡,0,0.0
未涵蓋,臺東縣,鹿野鄉,臺東縣鹿野鄉,6924.0,89.698,77.19235657,丹堤咖啡,0,0.0
未涵蓋,臺東縣,池上鄉,臺東縣池上鄉,7529.0,82.6854,91.05597844,丹堤咖啡,0,0.0
未涵蓋,臺東縣,綠島鄉,臺東縣綠島鄉,4327.0,15.0919,286.7100895,丹堤咖啡,0,0.0
未涵蓋,臺東縣,延平鄉,臺東縣延平鄉,3547.0,455.8805,7.780547753,丹堤咖啡,0,0.0
未涵蓋,臺東縣,海端鄉,臺東縣海端鄉,4317.0,880.0382,4.905468876,丹堤咖啡,0,0.0
未涵蓋,臺東縣,達仁鄉,臺東縣達仁鄉,3437.0,306.4454,11.21570107,丹堤咖啡,0,0.0
未涵蓋,臺東縣,金峰鄉,臺東縣金峰鄉,3682.0,380.6635,9.672584842,丹堤咖啡,0,0.0
未涵蓋,臺東縣,蘭嶼鄉,臺東縣蘭嶼鄉,5220.0,48.3892,107.875311,丹堤咖啡,0,0.0
未涵蓋,花蓮縣,花蓮市,花蓮縣花蓮市,96860.0,29.4095,3293.493599,丹堤咖啡,0,0.0
未涵蓋,花蓮縣,鳳林鎮,花蓮縣鳳林鎮,10136.0,120.5181,84.10354959,丹堤咖啡,0,0.0
未涵蓋,花蓮縣,玉里鎮,花蓮縣玉里鎮,21277.0,252.3719,84.3081183,丹堤咖啡,0,0.0
未涵蓋,花蓮縣,新城鄉,花蓮縣新城鄉,20492.0,29.4095,696.7816522,丹堤咖啡,0,0.0
未涵蓋,花蓮縣,吉安鄉,花蓮縣吉安鄉,83004.0,65.2582,1271.93211,丹堤咖啡,0,0.0
未涵蓋,花蓮縣,壽豐鄉,花蓮縣壽豐鄉,16628.0,218.4448,76.11991679,丹堤咖啡,0,0.0
未涵蓋,花蓮縣,光復鄉,花蓮縣光復鄉,11478.0,157.11,73.05709376,丹堤咖啡,0,0.0
未涵蓋,花蓮縣,豐濱鄉,花蓮縣豐濱鄉,4082.0,162.4332,25.1303305,丹堤咖啡,0,0.0
未涵蓋,花蓮縣,瑞穗鄉,花蓮縣瑞穗鄉,10388.0,135.5862,76.61546677,丹堤咖啡,0,0.0
未涵蓋,花蓮縣,富里鄉,花蓮縣富里鄉,9386.0,176.3705,53.21751653,丹堤咖啡,0,0.0
未涵蓋,花蓮縣,秀林鄉,花蓮縣秀林鄉,17178.0,1641.8555,10.46255289,丹堤咖啡,0,0.0
未涵蓋,花蓮縣,萬榮鄉,花蓮縣萬榮鄉,6047.0,618.491,9.777021816,丹堤咖啡,0,0.0
未涵蓋,花蓮縣,卓溪鄉,花蓮縣卓溪鄉,5851.0,1021.313,5.728899955,丹堤咖啡,0,0.0
南部,澎湖縣,馬公市,澎湖縣馬公市,63282.0,33.9918,1861.684289,丹堤咖啡,0,0.0
南部,澎湖縣,湖西鄉,澎湖縣湖西鄉,16131.0,33.3008,484.4027771,丹堤咖啡,0,0.0
南部,澎湖縣,白沙鄉,澎湖縣白沙鄉,10084.0,20.0875,502.0037337,丹堤咖啡,0,0.0
南部,澎湖縣,西嶼鄉,澎湖縣西嶼鄉,8039.0,18.7148,429.553081,丹堤咖啡,0,0.0
南部,澎湖縣,望安鄉,澎湖縣望安鄉,5266.0,13.7824,382.0814952,丹堤咖啡,0,0.0
南部,澎湖縣,七美鄉,澎湖縣七美鄉,3914.0,6.9868,560.1992328,丹堤咖啡,0,0.0
北部,基隆市,中正區,基隆市中正區,51542.0,10.2118,5047.298224,丹堤咖啡,0,0.0
北部,基隆市,七堵區,基隆市七堵區,52169.0,56.2659,927.1868041,丹堤咖啡,0,0.0
北部,基隆市,暖暖區,基隆市暖暖區,38462.0,22.8283,1684.838556,丹堤咖啡,0,0.0
北部,基隆市,仁愛區,基隆市仁愛區,39689.0,4.2335,9374.985237,丹堤咖啡,0,0.0
北部,基隆市,中山區,基隆市中山區,45556.0,10.5238,4328.854596,丹堤咖啡,0,0.0
北部,基隆市,安樂區,基隆市安樂區,79850.0,18.025,4429.958391,丹堤咖啡,0,0.0
北部,基隆市,信義區,基隆市信義區,52568.0,10.6706,4926.433378,丹堤咖啡,0,0.0
北部,新竹市,東區,新竹市東區,222219.0,33.5768,6618.230445,丹堤咖啡,0,0.0
北部,新竹市,北區,新竹市北區,153915.0,15.7267,9786.85929,丹堤咖啡,0,0.0
北部,新竹市,香山區,新竹市香山區,79606.0,54.8491,1451.363833,丹堤咖啡,0,0.0
南部,嘉義市,東區,嘉義市東區,116567.0,30.1556,3865.517516,丹堤咖啡,0,0.0
南部,嘉義市,西區,嘉義市西區,145025.0,29.87,4855.205892,丹堤咖啡,0,0.0
未涵蓋,金門縣,金城鎮,金門縣金城鎮,40998.0,21.713,1888.177589,丹堤咖啡,0,0.0
未涵蓋,金門縣,金湖鎮,金門縣金湖鎮,30545.0,41.696,732.5642748,丹堤咖啡,0,0.0
未涵蓋,金門縣,金沙鎮,金門縣金沙鎮,19840.0,41.19,481.6703083,丹堤咖啡,0,0.0
未涵蓋,金門縣,金寧鄉,金門縣金寧鄉,35287.0,29.854,1181.985664,丹堤咖啡,0,0.0
未涵蓋,金門縣,烈嶼鄉,金門縣烈嶼鄉,12050.0,16.003,752.9838155,丹堤咖啡,0,0.0
未涵蓋,金門縣,烏坵鄉,金門縣烏坵鄉,593.0,1.2,494.1666667,丹堤咖啡,0,0.0
未涵蓋,連江縣,南竿鄉,連江縣南竿鄉,7629.0,10.4,733.5576923,丹堤咖啡,0,0.0
未涵蓋,連江縣,北竿鄉,連江縣北竿鄉,2930.0,9.9,295.959596,丹堤咖啡,0,0.0
未涵蓋,連江縣,莒光鄉,連江縣莒光鄉,1537.0,4.7,327.0212766,丹堤咖啡,0,0.0
未涵蓋,連江縣,東引鄉,連江縣東引鄉,1525.0,3.8,401.3157895,丹堤咖啡,0,0.0
北部,新北市,板橋區,新北市板橋區,549762.0,23.1373,23760.85369,怡客咖啡,1,0.018
北部,新北市,三重區,新北市三重區,382778.0,16.317,23458.8466,怡客咖啡,0,0.0
北部,新北市,中和區,新北市中和區,403791.0,20.144,20045.22438,怡客咖啡,0,0.0
北部,新北市,永和區,新北市永和區,211536.0,5.7138,37021.94687,怡客咖啡,0,0.0
北部,新北市,新莊區,新北市新莊區,421239.0,19.7383,21341.1996,怡客咖啡,0,0.0
北部,新北市,新店區,新北市新店區,306884.0,120.2255,2552.569962,怡客咖啡,0,0.0
北部,新北市,樹林區,新北市樹林區,177412.0,33.1288,5355.219628,怡客咖啡,0,0.0
北部,新北市,鶯歌區,新北市鶯歌區,89501.0,21.1248,4236.773839,怡客咖啡,0,0.0
北部,新北市,三峽區,新北市三峽區,115009.0,191.4508,600.7235279,怡客咖啡,0,0.0
北部,新北市,淡水區,新北市淡水區,208004.0,70.6565,2943.87636,怡客咖啡,0,0.0
北部,新北市,汐止區,新北市汐止區,212758.0,71.2354,2986.689202,怡客咖啡,0,0.0
北部,新北市,瑞芳區,新北市瑞芳區,35623.0,70.7336,503.622041,怡客咖啡,0,0.0
北部,新北市,土城區,新北市土城區,242713.0,29.5578,8211.470407,怡客咖啡,0,0.0
北部,新北市,蘆洲區,新北市蘆洲區,196371.0,7.4351,26411.34618,怡客咖啡,0,0.0
北部,新北市,五股區,新北市五股區,94717.0,34.8632,2716.818881,怡客咖啡,0,0.0
北部,新北市,泰山區,新北市泰山區,78083.0,19.1603,4075.249344,怡客咖啡,0,0.0
北部,新北市,林口區,新北市林口區,138461.0,54.1519,2556.900127,怡客咖啡,0,0.0
北部,新北市,深坑區,新北市深坑區,23639.0,20.5787,1148.712018,怡客咖啡,0,0.0
北部,新北市,石碇區,新北市石碇區,6917.0,144.3498,47.91832064,怡客咖啡,0,0.0
北部,新北市,坪林區,新北市坪林區,6163.0,170.835,36.0757456,怡客咖啡,0,0.0
北部,新北市,三芝區,新北市三芝區,22061.0,65.9909,334.3036691,怡客咖啡,0,0.0
北部,新北市,石門區,新北市石門區,9994.0,51.2645,194.9497215,怡客咖啡,0,0.0
北部,新北市,八里區,新北市八里區,43495.0,39.4933,1101.326048,怡客咖啡,0,0.0
北部,新北市,平溪區,新北市平溪區,3900.0,71.3382,54.66916743,怡客咖啡,0,0.0
北部,新北市,雙溪區,新北市雙溪區,7442.0,146.2484,50.88602679,怡客咖啡,0,0.0
北部,新北市,貢寮區,新北市貢寮區,10445.0,99.9734,104.4777911,怡客咖啡,0,0.0
北部,新北市,金山區,新北市金山區,19725.0,49.2132,400.8071005,怡客咖啡,0,0.0
北部,新北市,萬里區,新北市萬里區,20209.0,63.3766,318.871634,怡客咖啡,0,0.0
北部,新北市,烏來區,新北市烏來區,6199.0,321.1306,19.30367271,怡客咖啡,0,0.0
北部,臺北市,松山區,臺北市松山區,187318.0,9.2878,20168.17761,怡客咖啡,2,0.107
北部,臺北市,信義區,臺北市信義區,201446.0,11.2077,17973.89295,怡客咖啡,1,0.05
北部,臺北市,大安區,臺北市大安區,282328.0,11.3614,24849.75443,怡客咖啡,2,0.071
北部,臺北市,中山區,臺北市中山區,212152.0,13.6821,15505.80686,怡客咖啡,3,0.141
北部,臺北市,中正區,臺北市中正區,144109.0,7.6071,18944.01283,怡客咖啡,5,0.347
北部,臺北市,大同區,臺北市大同區,116618.0,5.6815,20525.91745,怡客咖啡,0,0.0
北部,臺北市,萬華區,臺北市萬華區,168675.0,8.8522,19054.5853,怡客咖啡,1,0.059
北部,臺北市,文山區,臺北市文山區,253822.0,31.509,8055.539687,怡客咖啡,1,0.039
北部,臺北市,南港區,臺北市南港區,111239.0,21.8424,5092.801157,怡客咖啡,0,0.0
北部,臺北市,內湖區,臺北市內湖區,267959.0,31.5787,8485.434803,怡客咖啡,1,0.037
北部,臺北市,士林區,臺北市士林區,258163.0,62.3682,4139.337034,怡客咖啡,1,0.039
北部,臺北市,北投區,臺北市北投區,235678.0,56.8216,4147.683275,怡客咖啡,1,0.042
北部,桃園市,桃園區,桃園市桃園區,478487.0,34.8046,13747.8092,怡客咖啡,0,0.0
北部,桃園市,中壢區,桃園市中壢區,439213.0,76.52,5739.845792,怡客咖啡,0,0.0
北部,桃園市,大溪區,桃園市大溪區,93799.0,105.1206,892.2989405,怡客咖啡,0,0.0
北部,桃園市,楊梅區,桃園市楊梅區,182837.0,89.1229,2051.515379,怡客咖啡,0,0.0
北部,桃園市,蘆竹區,桃園市蘆竹區,170556.0,75.5025,2258.945068,怡客咖啡,0,0.0
北部,桃園市,大園區,桃園市大園區,89713.0,87.3925,1026.552622,怡客咖啡,0,0.0
北部,桃園市,龜山區,桃園市龜山區,188328.0,72.0177,2615.023807,怡客咖啡,0,0.0
北部,桃園市,八德區,桃園市八德區,216058.0,33.7111,6409.105606,怡客咖啡,0,0.0
北部,桃園市,龍潭區,桃園市龍潭區,127360.0,75.2341,1692.849386,怡客咖啡,0,0.0
北部,桃園市,平鎮區,桃園市平鎮區,228210.0,47.7532,4778.946751,怡客咖啡,0,0.0
北部,桃園市,新屋區,桃園市新屋區,49723.0,85.0166,584.8622504,怡客咖啡,0,0.0
北部,桃園市,觀音區,桃園市觀音區,77526.0,87.9807,881.1705294,怡客咖啡,0,0.0
北部,桃園市,復興區,桃園市復興區,13296.0,350.7775,37.90436958,怡客咖啡,0,0.0
中部,臺中市,中區,臺中市中區,18029.0,0.8803,20480.51801,怡客咖啡,0,0.0
中部,臺中市,東區,臺中市東區,77745.0,9.2855,8372.731678,怡客咖啡,0,0.0
中部,臺中市,南區,臺中市南區,128309.0,6.8101,18840.98618,怡客咖啡,0,0.0
中部,臺中市,西區,臺中市西區,113288.0,5.7042,19860.4537,怡客咖啡,0,0.0
中部,臺中市,北區,臺中市北區,143537.0,6.9376,20689.71979,怡客咖啡,0,0.0
中部,臺中市,西屯區,臺中市西屯區,238052.0,39.8467,5974.196107,怡客咖啡,0,0.0
中部,臺中市,南屯區,臺中市南屯區,186105.0,31.2578,5953.873913,怡客咖啡,0,0.0
中部,臺中市,北屯區,臺中市北屯區,317182.0,62.7034,5058.449781,怡客咖啡,0,0.0
中部,臺中市,豐原區,臺中市豐原區,161771.0,41.1845,3927.958334,怡客咖啡,0,0.0
中部,臺中市,東勢區,臺中市東勢區,46488.0,117.4065,395.9576344,怡客咖啡,0,0.0
中部,臺中市,大甲區,臺中市大甲區,73108.0,58.5192,1249.299375,怡客咖啡,0,0.0
中部,臺中市,清水區,臺中市清水區,90640.0,64.1709,1412.478242,怡客咖啡,0,0.0
中部,臺中市,沙鹿區,臺中市沙鹿區,101419.0,40.4604,2506.623761,怡客咖啡,0,0.0
中部,臺中市,梧棲區,臺中市梧棲區,65685.0,16.6049,3955.760047,怡客咖啡,0,0.0
中部,臺中市,后里區,臺中市后里區,52754.0,58.9439,894.9865889,怡客咖啡,0,0.0
中部,臺中市,神岡區,臺中市神岡區,63271.0,35.0445,1805.44736,怡客咖啡,0,0.0
中部,臺中市,潭子區,臺中市潭子區,109314.0,25.8497,4228.830509,怡客咖啡,0,0.0
中部,臺中市,大雅區,臺中市大雅區,94741.0,32.4109,2923.121542,怡客咖啡,0,0.0
中部,臺中市,新社區,臺中市新社區,22579.0,68.8874,327.7667614,怡客咖啡,0,0.0
中部,臺中市,石岡區,臺中市石岡區,13668.0,18.2105,750.5559979,怡客咖啡,0,0.0
中部,臺中市,外埔區,臺中市外埔區,30823.0,42.4099,726.7878491,怡客咖啡,0,0.0
中部,臺中市,大安區,臺中市大安區,17487.0,27.4045,638.1068803,怡客咖啡,0,0.0
中部,臺中市,烏日區,臺中市烏日區,82248.0,43.4032,1894.975486,怡客咖啡,0,0.0
中部,臺中市,大肚區,臺中市大肚區,55255.0,37.0024,1493.281517,怡客咖啡,0,0.0
中部,臺中市,龍井區,臺中市龍井區,79241.0,38.0377,2083.222697,怡客咖啡,0,0.0
中部,臺中市,霧峰區,臺中市霧峰區,62627.0,98.0779,638.5434435,怡客咖啡,0,0.0
中部,臺中市,太平區,臺中市太平區,201536.0,120.7473,1669.072518,怡客咖啡,0,0.0
中部,臺中市,大里區,臺中市大里區,211094.0,28.8758,7310.412179,怡客咖啡,0,0.0
中部,臺中市,和平區,臺中市和平區,10469.0,1037.8192,10.08749886,怡客咖啡,0,0.0
南部,臺南市,新營區,臺南市新營區,74493.0,38.5386,1932.945151,怡客咖啡,0,0.0
南部,臺南市,鹽水區,臺南市鹽水區,23635.0,52.2455,452.3834589,怡客咖啡,0,0.0
南部,臺南市,白河區,臺南市白河區,24948.0,126.4046,197.3662351,怡客咖啡,0,0.0
南部,臺南市,柳營區,臺南市柳營區,19831.0,61.2929,323.5448151,怡客咖啡,0,0.0
南部,臺南市,後壁區,臺南市後壁區,20840.0,72.2189,288.5671202,怡客咖啡,0,0.0
南部,臺南市,東山區,臺南市東山區,18490.0,124.9178,148.0173362,怡客咖啡,0,0.0
南部,臺南市,麻豆區,臺南市麻豆區,42873.0,53.9744,794.3210114,怡客咖啡,0,0.0
南部,臺南市,下營區,臺南市下營區,21742.0,33.5291,648.4516435,怡客咖啡,0,0.0
南部,臺南市,六甲區,臺南市六甲區,20880.0,67.5471,309.1176379,怡客咖啡,0,0.0
南部,臺南市,官田區,臺南市官田區,20527.0,70.7953,289.9486265,怡客咖啡,0,0.0
南部,臺南市,大內區,臺南市大內區,8427.0,70.3125,119.8506667,怡客咖啡,0,0.0
南部,臺南市,佳里區,臺南市佳里區,58328.0,38.9422,1497.809574,怡客咖啡,0,0.0
南部,臺南市,學甲區,臺南市學甲區,24365.0,53.9919,451.2713944,怡客咖啡,0,0.0
南部,臺南市,西港區,臺南市西港區,24811.0,33.7666,734.7793382,怡客咖啡,0,0.0
南部,臺南市,七股區,臺南市七股區,20493.0,110.1492,186.0476517,怡客咖啡,0,0.0
南部,臺南市,將軍區,臺南市將軍區,17598.0,41.9796,419.2036132,怡客咖啡,0,0.0
南部,臺南市,北門區,臺南市北門區,9436.0,44.1003,213.9667984,怡客咖啡,0,0.0
南部,臺南市,新化區,臺南市新化區,41932.0,62.0579,675.6915719,怡客咖啡,0,0.0
南部,臺南市,善化區,臺南市善化區,53888.0,55.3097,974.295648,怡客咖啡,0,0.0
南部,臺南市,新市區,臺南市新市區,38279.0,47.8096,800.6550986,怡客咖啡,0,0.0
南部,臺南市,安定區,臺南市安定區,29783.0,31.27,952.4464343,怡客咖啡,0,0.0
南部,臺南市,山上區,臺南市山上區,6796.0,27.878,243.7764546,怡客咖啡,0,0.0
南部,臺南市,玉井區,臺南市玉井區,12674.0,76.3662,165.963476,怡客咖啡,0,0.0
南部,臺南市,楠西區,臺南市楠西區,8392.0,109.6316,76.54727287,怡客咖啡,0,0.0
南部,臺南市,南化區,臺南市南化區,7606.0,171.5198,44.34473454,怡客咖啡,0,0.0
南部,臺南市,左鎮區,臺南市左鎮區,4095.0,74.9025,54.67107239,怡客咖啡,0,0.0
南部,臺南市,仁德區,臺南市仁德區,77496.0,50.7664,1526.521479,怡客咖啡,0,0.0
南部,臺南市,歸仁區,臺南市歸仁區,70574.0,55.7913,1264.964251,怡客咖啡,0,0.0
南部,臺南市,關廟區,臺南市關廟區,33198.0,53.6413,618.888804,怡客咖啡,0,0.0
南部,臺南市,龍崎區,臺南市龍崎區,3234.0,64.0814,50.46706221,怡客咖啡,0,0.0
南部,臺南市,永康區,臺南市永康區,235805.0,40.2753,5854.829138,怡客咖啡,0,0.0
南部,臺南市,東區,臺南市東區,180856.0,13.4156,13481.02209,怡客咖啡,0,0.0
南部,臺南市,南區,臺南市南區,119121.0,27.2681,4368.511191,怡客咖啡,0,0.0
南部,臺南市,北區,臺南市北區,125439.0,10.434,12022.13916,怡客咖啡,0,0.0
南部,臺南市,安南區,臺南市安南區,204534.0,107.2016,1907.937941,怡客咖啡,0,0.0
南部,臺南市,安平區,臺南市安平區,71256.0,11.0663,6439.008521,怡客咖啡,0,0.0
南部,臺南市,中西區,臺南市中西區,75802.0,6.26,12108.94569,怡客咖啡,0,0.0
南部,高雄市,鹽埕區,高雄市鹽埕區,21871.0,1.4161,15444.53075,怡客咖啡,0,0.0
南部,高雄市,鼓山區,高雄市鼓山區,140791.0,14.7523,9543.664378,怡客咖啡,0,0.0
南部,高雄市,左營區,高雄市左營區,197621.0,19.3823,10195.95198,怡客咖啡,0,0.0
南部,高雄市,楠梓區,高雄市楠梓區,195613.0,25.8276,7573.797023,怡客咖啡,0,0.0
南部,高雄市,三民區,高雄市三民區,328827.0,19.7866,16618.67122,怡客咖啡,0,0.0
南部,高雄市,新興區,高雄市新興區,49380.0,1.9764,24984.82089,怡客咖啡,0,0.0
南部,高雄市,前金區,高雄市前金區,27670.0,1.8573,14897.97017,怡客咖啡,0,0.0
南部,高雄市,苓雅區,高雄市苓雅區,161185.0,8.1522,19771.9634,怡客咖啡,0,0.0
南部,高雄市,前鎮區,高雄市前鎮區,176845.0,19.1207,9248.876872,怡客咖啡,0,0.0
南部,高雄市,旗津區,高雄市旗津區,24906.0,1.7341,14362.49351,怡客咖啡,0,0.0
南部,高雄市,小港區,高雄市小港區,153310.0,45.4426,3373.70661,怡客咖啡,0,0.0
南部,高雄市,鳳山區,高雄市鳳山區,353000.0,26.759,13191.82331,怡客咖啡,0,0.0
南部,高雄市,林園區,高雄市林園區,67341.0,32.286,2085.764728,怡客咖啡,0,0.0
南部,高雄市,大寮區,高雄市大寮區,112239.0,71.04,1579.940878,怡客咖啡,0,0.0
南部,高雄市,大樹區,高雄市大樹區,39906.0,66.9811,595.7800036,怡客咖啡,0,0.0
南部,高雄市,大社區,高雄市大社區,33741.0,26.5848,1269.183895,怡客咖啡,0,0.0
南部,高雄市,仁武區,高雄市仁武區,100311.0,36.0808,2780.176714,怡客咖啡,0,0.0
南部,高雄市,鳥松區,高雄市鳥松區,43703.0,24.5927,1777.072058,怡客咖啡,0,0.0
南部,高雄市,岡山區,高雄市岡山區,94624.0,47.9421,1973.714126,怡客咖啡,0,0.0
南部,高雄市,橋頭區,高雄市橋頭區,43341.0,25.9379,1670.952544,怡客咖啡,0,0.0
南部,高雄市,燕巢區,高雄市燕巢區,28348.0,65.395,433.4887988,怡客咖啡,0,0.0
南部,高雄市,田寮區,高雄市田寮區,6125.0,92.6802,66.08747068,怡客咖啡,0,0.0
南部,高雄市,阿蓮區,高雄市阿蓮區,26785.0,34.6164,773.7661917,怡客咖啡,0,0.0
南部,高雄市,路竹區,高雄市路竹區,48906.0,48.4348,1009.728542,怡客咖啡,0,0.0
南部,高雄市,湖內區,高雄市湖內區,29295.0,20.1615,1453.016889,怡客咖啡,0,0.0
南部,高雄市,茄萣區,高雄市茄萣區,28732.0,15.7624,1822.81886,怡客咖啡,0,0.0
南部,高雄市,永安區,高雄市永安區,13510.0,22.6141,597.4148872,怡客咖啡,0,0.0
南部,高雄市,彌陀區,高雄市彌陀區,17715.0,14.7772,1198.806269,怡客咖啡,0,0.0
南部,高雄市,梓官區,高雄市梓官區,34701.0,11.5967,2992.31678,怡客咖啡,0,0.0
南部,高雄市,旗山區,高雄市旗山區,33368.0,94.6122,352.6817895,怡客咖啡,0,0.0
南部,高雄市,美濃區,高雄市美濃區,36074.0,120.0316,300.5375251,怡客咖啡,0,0.0
南部,高雄市,六龜區,高雄市六龜區,11286.0,194.1584,58.12779669,怡客咖啡,0,0.0
南部,高雄市,甲仙區,高雄市甲仙區,5279.0,124.034,42.56091072,怡客咖啡,0,0.0
南部,高雄市,杉林區,高雄市杉林區,10569.0,104.0036,101.6214823,怡客咖啡,0,0.0
南部,高雄市,內門區,高雄市內門區,12519.0,95.6224,130.9212067,怡客咖啡,0,0.0
南部,高雄市,茂林區,高雄市茂林區,1846.0,194.0,9.515463918,怡客咖啡,0,0.0
南部,高雄市,桃源區,高雄市桃源區,4151.0,928.98,4.468341622,怡客咖啡,0,0.0
南部,高雄市,那瑪夏區,高雄市那瑪夏區,3111.0,252.9895,12.29695304,怡客咖啡,0,0.0
北部,宜蘭縣,宜蘭市,宜蘭縣宜蘭市,94561.0,29.408,3215.485582,怡客咖啡,0,0.0
北部,宜蘭縣,羅東鎮,宜蘭縣羅東鎮,68960.0,11.3448,6078.555814,怡客咖啡,0,0.0
北部,宜蘭縣,蘇澳鎮,宜蘭縣蘇澳鎮,36413.0,89.0196,409.0447497,怡客咖啡,0,0.0
北部,宜蘭縣,頭城鎮,宜蘭縣頭城鎮,27868.0,100.893,276.2134142,怡客咖啡,0,0.0
北部,宜蘭縣,礁溪鄉,宜蘭縣礁溪鄉,36629.0,101.4278,361.1337326,怡客咖啡,0,0.0
北部,宜蘭縣,壯圍鄉,宜蘭縣壯圍鄉,24479.0,38.4769,636.1999018,怡客咖啡,0,0.0
北部,宜蘭縣,員山鄉,宜蘭縣員山鄉,32226.0,111.9106,287.9619982,怡客咖啡,0,0.0
北部,宜蘭縣,冬山鄉,宜蘭縣冬山鄉,52938.0,79.8573,662.9074612,怡客咖啡,0,0.0
北部,宜蘭縣,五結鄉,宜蘭縣五結鄉,41737.0,38.8671,1073.838799,怡客咖啡,0,0.0
北部,宜蘭縣,三星鄉,宜蘭縣三星鄉,21356.0,144.2238,148.0754217,怡客咖啡,0,0.0
北部,宜蘭縣,大同鄉,宜蘭縣大同鄉,5998.0,657.5442,9.121820252,怡客咖啡,0,0.0
北部,宜蘭縣,南澳鄉,宜蘭縣南澳鄉,6171.0,740.652,8.331848155,怡客咖啡,0,0.0
北部,新竹縣,竹北市,新竹縣竹北市,220973.0,46.8341,4718.20746,怡客咖啡,0,0.0
北部,新竹縣,關西鎮,新竹縣關西鎮,26011.0,125.5193,207.2270958,怡客咖啡,0,0.0
北部,新竹縣,新埔鎮,新竹縣新埔鎮,33561.0,72.1911,464.8911015,怡客咖啡,0,0.0
北部,新竹縣,竹東鎮,新竹縣竹東鎮,97894.0,53.5133,1829.339622,怡客咖啡,0,0.0
北部,新竹縣,湖口鄉,新竹縣湖口鄉,84963.0,58.4303,1454.091456,怡客咖啡,0,0.0
北部,新竹縣,橫山鄉,新竹縣橫山鄉,11901.0,66.3502,179.3664526,怡客咖啡,0,0.0
北部,新竹縣,新豐鄉,新竹縣新豐鄉,59839.0,46.3496,1291.035953,怡客咖啡,0,0.0
北部,新竹縣,芎林鄉,新竹縣芎林鄉,20385.0,40.7858,499.8063051,怡客咖啡,0,0.0
北部,新竹縣,寶山鄉,新竹縣寶山鄉,14588.0,64.7871,225.168282,怡客咖啡,0,0.0
北部,新竹縣,北埔鄉,新竹縣北埔鄉,8289.0,50.6676,163.5956706,怡客咖啡,0,0.0
北部,新竹縣,峨眉鄉,新竹縣峨眉鄉,4970.0,46.801,106.1943121,怡客咖啡,0,0.0
北部,新竹縣,尖石鄉,新竹縣尖石鄉,9464.0,527.5795,17.9385287,怡客咖啡,0,0.0
北部,新竹縣,五峰鄉,新竹縣五峰鄉,4397.0,227.728,19.30812197,怡客咖啡,0,0.0
中部,苗栗縣,苗栗市,苗栗縣苗栗市,85838.0,37.8878,2265.584172,怡客咖啡,0,0.0
中部,苗栗縣,頭份市,苗栗縣頭份市,108231.0,53.3205,2029.819675,怡客咖啡,0,0.0
中部,苗栗縣,苑裡鎮,苗栗縣苑裡鎮,43237.0,68.2473,633.5342204,怡客咖啡,0,0.0
中部,苗栗縣,通霄鎮,苗栗縣通霄鎮,30618.0,107.8486,283.8979829,怡客咖啡,0,0.0
中部,苗栗縣,竹南鎮,苗栗縣竹南鎮,91538.0,37.5592,2437.165861,怡客咖啡,0,0.0
中部,苗栗縣,後龍鎮,苗栗縣後龍鎮,33531.0,75.8079,442.3153787,怡客咖啡,0,0.0
中部,苗栗縣,卓蘭鎮,苗栗縣卓蘭鎮,14483.0,76.3153,189.7784586,怡客咖啡,0,0.0
中部,苗栗縣,大湖鄉,苗栗縣大湖鄉,12310.0,90.8396,135.5135866,怡客咖啡,0,0.0
中部,苗栗縣,公館鄉,苗栗縣公館鄉,30461.0,71.4523,426.312379,怡客咖啡,0,0.0
中部,苗栗縣,銅鑼鄉,苗栗縣銅鑼鄉,16079.0,78.3805,205.1403091,怡客咖啡,0,0.0
中部,苗栗縣,南庄鄉,苗栗縣南庄鄉,8576.0,165.4938,51.82067244,怡客咖啡,0,0.0
中部,苗栗縣,頭屋鄉,苗栗縣頭屋鄉,9354.0,52.5046,178.1558187,怡客咖啡,0,0.0
中部,苗栗縣,三義鄉,苗栗縣三義鄉,14485.0,69.3424,208.8909527,怡客咖啡,0,0.0
中部,苗栗縣,西湖鄉,苗栗縣西湖鄉,5875.0,41.0758,143.0282551,怡客咖啡,0,0.0
中部,苗栗縣,造橋鄉,苗栗縣造橋鄉,11548.0,47.9978,240.5943606,怡客咖啡,0,0.0
中部,苗栗縣,三灣鄉,苗栗縣三灣鄉,5664.0,52.2964,108.3057342,怡客咖啡,0,0.0
中部,苗栗縣,獅潭鄉,苗栗縣獅潭鄉,3943.0,79.4324,49.63969363,怡客咖啡,0,0.0
中部,苗栗縣,泰安鄉,苗栗縣泰安鄉,5401.0,614.5127,8.789077915,怡客咖啡,0,0.0
中部,彰化縣,彰化市,彰化縣彰化市,220487.0,65.6947,3356.237261,怡客咖啡,0,0.0
中部,彰化縣,員林市,彰化縣員林市,122148.0,40.038,3050.801738,怡客咖啡,0,0.0
中部,彰化縣,鹿港鎮,彰化縣鹿港鎮,82212.0,39.4625,2083.294267,怡客咖啡,0,0.0
中部,彰化縣,和美鎮,彰化縣和美鎮,86635.0,39.9345,2169.427437,怡客咖啡,0,0.0
中部,彰化縣,北斗鎮,彰化縣北斗鎮,33099.0,19.2547,1719.008865,怡客咖啡,0,0.0
中部,彰化縣,溪湖鎮,彰化縣溪湖鎮,52832.0,32.0592,1647.95129,怡客咖啡,0,0.0
中部,彰化縣,田中鎮,彰化縣田中鎮,38273.0,34.6056,1105.977067,怡客咖啡,0,0.0
中部,彰化縣,二林鎮,彰化縣二林鎮,46419.0,92.8478,499.9472255,怡客咖啡,0,0.0
中部,彰化縣,線西鄉,彰化縣線西鄉,16014.0,18.0856,885.4558323,怡客咖啡,0,0.0
中部,彰化縣,伸港鄉,彰化縣伸港鄉,38146.0,22.3268,1708.529659,怡客咖啡,0,0.0
中部,彰化縣,福興鄉,彰化縣福興鄉,44284.0,49.8934,887.5723042,怡客咖啡,0,0.0
中部,彰化縣,秀水鄉,彰化縣秀水鄉,37356.0,29.3447,1273.00671,怡客咖啡,0,0.0
中部,彰化縣,花壇鄉,彰化縣花壇鄉,42816.0,36.3469,1177.982166,怡客咖啡,0,0.0
中部,彰化縣,芬園鄉,彰化縣芬園鄉,21334.0,38.0204,561.1198199,怡客咖啡,0,0.0
中部,彰化縣,大村鄉,彰化縣大村鄉,38919.0,30.7837,1264.272976,怡客咖啡,0,0.0
中部,彰化縣,埔鹽鄉,彰化縣埔鹽鄉,30041.0,38.6081,778.1009684,怡客咖啡,0,0.0
中部,彰化縣,埔心鄉,彰化縣埔心鄉,33082.0,20.9526,1578.89713,怡客咖啡,0,0.0
中部,彰化縣,永靖鄉,彰化縣永靖鄉,34177.0,20.6382,1656.006822,怡客咖啡,0,0.0
中部,彰化縣,社頭鄉,彰化縣社頭鄉,40272.0,36.1449,1114.182084,怡客咖啡,0,0.0
中部,彰化縣,二水鄉,彰化縣二水鄉,13220.0,29.4449,448.9741857,怡客咖啡,0,0.0
中部,彰化縣,田尾鄉,彰化縣田尾鄉,25251.0,24.0375,1050.483619,怡客咖啡,0,0.0
中部,彰化縣,埤頭鄉,彰化縣埤頭鄉,27997.0,42.7508,654.8883296,怡客咖啡,0,0.0
中部,彰化縣,芳苑鄉,彰化縣芳苑鄉,29880.0,91.3827,326.9765503,怡客咖啡,0,0.0
中部,彰化縣,大城鄉,彰化縣大城鄉,14146.0,63.7406,221.9307631,怡客咖啡,0,0.0
中部,彰化縣,竹塘鄉,彰化縣竹塘鄉,13918.0,42.1662,330.0747992,怡客咖啡,0,0.0
中部,彰化縣,溪州鄉,彰化縣溪州鄉,27248.0,75.831,359.3253419,怡客咖啡,0,0.0
中部,南投縣,南投市,南投縣南投市,96229.0,71.6021,1343.94103,怡客咖啡,0,0.0
中部,南投縣,埔里鎮,南投縣埔里鎮,75613.0,162.2227,466.1061615,怡客咖啡,0,0.0
中部,南投縣,草屯鎮,南投縣草屯鎮,97724.0,104.0327,939.3584902,怡客咖啡,0,0.0
中部,南投縣,竹山鎮,南投縣竹山鎮,49905.0,247.3339,201.7717749,怡客咖啡,0,0.0
中部,南投縣,集集鎮,南投縣集集鎮,9882.0,49.7268,198.725838,怡客咖啡,0,0.0
中部,南投縣,名間鄉,南投縣名間鄉,34557.0,83.0955,415.8708955,怡客咖啡,0,0.0
中部,南投縣,鹿谷鄉,南投縣鹿谷鄉,15454.0,141.8981,108.9091397,怡客咖啡,0,0.0
中部,南投縣,中寮鄉,南投縣中寮鄉,12825.0,146.6541,87.45067475,怡客咖啡,0,0.0
中部,南投縣,魚池鄉,南投縣魚池鄉,14098.0,121.3735,116.1538557,怡客咖啡,0,0.0
中部,南投縣,國姓鄉,南投縣國姓鄉,15963.0,175.7042,90.8515562,怡客咖啡,0,0.0
中部,南投縣,水里鄉,南投縣水里鄉,15452.0,106.8424,144.6242316,怡客咖啡,0,0.0
中部,南投縣,信義鄉,南投縣信義鄉,14886.0,1422.4188,10.46527225,怡客咖啡,0,0.0
中部,南投縣,仁愛鄉,南投縣仁愛鄉,15293.0,1273.5312,12.00834342,怡客咖啡,0,0.0
中部,雲林縣,斗六市,雲林縣斗六市,109030.0,93.7151,1163.419769,怡客咖啡,0,0.0
中部,雲林縣,斗南鎮,雲林縣斗南鎮,43322.0,48.1505,899.7206675,怡客咖啡,0,0.0
中部,雲林縣,虎尾鎮,雲林縣虎尾鎮,71349.0,68.742,1037.924413,怡客咖啡,0,0.0
中部,雲林縣,西螺鎮,雲林縣西螺鎮,43975.0,49.7985,883.0587267,怡客咖啡,0,0.0
中部,雲林縣,土庫鎮,雲林縣土庫鎮,27234.0,49.0212,555.5555556,怡客咖啡,0,0.0
中部,雲林縣,北港鎮,雲林縣北港鎮,37053.0,41.4999,892.8455249,怡客咖啡,0,0.0
中部,雲林縣,古坑鄉,雲林縣古坑鄉,29193.0,166.6059,175.2218859,怡客咖啡,0,0.0
中部,雲林縣,大埤鄉,雲林縣大埤鄉,17521.0,44.9973,389.3789183,怡客咖啡,0,0.0
中部,雲林縣,莿桐鄉,雲林縣莿桐鄉,27201.0,50.8502,534.9241498,怡客咖啡,0,0.0
中部,雲林縣,林內鄉,雲林縣林內鄉,16285.0,37.6035,433.0713896,怡客咖啡,0,0.0
中部,雲林縣,二崙鄉,雲林縣二崙鄉,24165.0,59.5625,405.7082896,怡客咖啡,0,0.0
中部,雲林縣,崙背鄉,雲林縣崙背鄉,22255.0,58.484,380.5314274,怡客咖啡,0,0.0
中部,雲林縣,麥寮鄉,雲林縣麥寮鄉,48815.0,80.1668,608.9179062,怡客咖啡,0,0.0
中部,雲林縣,東勢鄉,雲林縣東勢鄉,12885.0,48.3562,266.4601437,怡客咖啡,0,0.0
中部,雲林縣,褒忠鄉,雲林縣褒忠鄉,11490.0,37.0552,310.0779378,怡客咖啡,0,0.0
中部,雲林縣,臺西鄉,雲林縣臺西鄉,20778.0,54.0983,384.0786125,怡客咖啡,0,0.0
中部,雲林縣,元長鄉,雲林縣元長鄉,22478.0,71.5872,313.9946806,怡客咖啡,0,0.0
中部,雲林縣,四湖鄉,雲林縣四湖鄉,20210.0,77.1189,262.0628666,怡客咖啡,0,0.0
中部,雲林縣,口湖鄉,雲林縣口湖鄉,23945.0,80.4612,297.5968541,怡客咖啡,0,0.0
中部,雲林縣,水林鄉,雲林縣水林鄉,21805.0,72.9582,298.8697638,怡客咖啡,0,0.0
南部,嘉義縣,太保市,嘉義縣太保市,39923.0,66.8964,596.7884669,怡客咖啡,0,0.0
南部,嘉義縣,朴子市,嘉義縣朴子市,39950.0,49.5737,805.8708549,怡客咖啡,0,0.0
南部,嘉義縣,布袋鎮,嘉義縣布袋鎮,23589.0,61.7307,382.1275314,怡客咖啡,0,0.0
南部,嘉義縣,大林鎮,嘉義縣大林鎮,29542.0,64.1663,460.397436,怡客咖啡,0,0.0
南部,嘉義縣,民雄鄉,嘉義縣民雄鄉,69716.0,85.4969,815.4213779,怡客咖啡,0,0.0
南部,嘉義縣,溪口鄉,嘉義縣溪口鄉,12604.0,33.0463,381.4042722,怡客咖啡,0,0.0
南部,嘉義縣,新港鄉,嘉義縣新港鄉,29006.0,66.0495,439.1554819,怡客咖啡,0,0.0
南部,嘉義縣,六腳鄉,嘉義縣六腳鄉,20044.0,62.2619,321.9304262,怡客咖啡,0,0.0
南部,嘉義縣,東石鄉,嘉義縣東石鄉,21671.0,81.5821,265.6342507,怡客咖啡,0,0.0
南部,嘉義縣,義竹鄉,嘉義縣義竹鄉,15829.0,79.2925,199.6279598,怡客咖啡,0,0.0
南部,嘉義縣,鹿草鄉,嘉義縣鹿草鄉,13460.0,54.3151,247.8132232,怡客咖啡,0,0.0
南部,嘉義縣,水上鄉,嘉義縣水上鄉,46932.0,69.1198,678.9950202,怡客咖啡,0,0.0
南部,嘉義縣,中埔鄉,嘉義縣中埔鄉,41673.0,129.5016,321.795252,怡客咖啡,0,0.0
南部,嘉義縣,竹崎鄉,嘉義縣竹崎鄉,32160.0,162.2256,198.2424476,怡客咖啡,0,0.0
南部,嘉義縣,梅山鄉,嘉義縣梅山鄉,17177.0,119.7571,143.4319969,怡客咖啡,0,0.0
南部,嘉義縣,番路鄉,嘉義縣番路鄉,10582.0,117.5269,90.03896129,怡客咖啡,0,0.0
南部,嘉義縣,大埔鄉,嘉義縣大埔鄉,4160.0,173.2472,24.01193208,怡客咖啡,0,0.0
南部,嘉義縣,阿里山鄉,嘉義縣阿里山鄉,5163.0,427.8471,12.0673951,怡客咖啡,0,0.0
南部,屏東縣,屏東市,屏東縣屏東市,191466.0,65.067,2942.59763,怡客咖啡,0,0.0
南部,屏東縣,潮州鎮,屏東縣潮州鎮,53723.0,42.4331,1266.063521,怡客咖啡,0,0.0
南部,屏東縣,東港鎮,屏東縣東港鎮,45879.0,29.4635,1557.146978,怡客咖啡,0,0.0
南部,屏東縣,恆春鎮,屏東縣恆春鎮,28770.0,136.763,210.3639142,怡客咖啡,0,0.0
南部,屏東縣,萬丹鄉,屏東縣萬丹鄉,48586.0,57.4679,845.4458924,怡客咖啡,0,0.0
南部,屏東縣,長治鄉,屏東縣長治鄉,29192.0,39.8861,731.8840398,怡客咖啡,0,0.0
南部,屏東縣,麟洛鄉,屏東縣麟洛鄉,10406.0,16.26,639.9753998,怡客咖啡,0,0.0
南部,屏東縣,九如鄉,屏東縣九如鄉,21420.0,42.0187,509.7730296,怡客咖啡,0,0.0
南部,屏東縣,里港鄉,屏東縣里港鄉,24948.0,68.9208,361.9807083,怡客咖啡,0,0.0
南部,屏東縣,鹽埔鄉,屏東縣鹽埔鄉,23106.0,64.3493,359.0715051,怡客咖啡,0,0.0
南部,屏東縣,高樹鄉,屏東縣高樹鄉,21935.0,90.1522,243.3107567,怡客咖啡,0,0.0
南部,屏東縣,萬巒鄉,屏東縣萬巒鄉,18654.0,60.7315,307.1552654,怡客咖啡,0,0.0
南部,屏東縣,內埔鄉,屏東縣內埔鄉,52760.0,81.8554,644.5512452,怡客咖啡,0,0.0
南部,屏東縣,竹田鄉,屏東縣竹田鄉,15363.0,29.0732,528.4248036,怡客咖啡,0,0.0
南部,屏東縣,新埤鄉,屏東縣新埤鄉,8983.0,59.0102,152.2279199,怡客咖啡,0,0.0
南部,屏東縣,枋寮鄉,屏東縣枋寮鄉,22321.0,57.7347,386.6132499,怡客咖啡,0,0.0
南部,屏東縣,新園鄉,屏東縣新園鄉,31703.0,38.3109,827.5190612,怡客咖啡,0,0.0
南部,屏東縣,崁頂鄉,屏東縣崁頂鄉,14459.0,31.2659,462.4527041,怡客咖啡,0,0.0
南部,屏東縣,林邊鄉,屏東縣林邊鄉,15821.0,15.6233,1012.654177,怡客咖啡,0,0.0
南部,屏東縣,南州鄉,屏東縣南州鄉,9600.0,18.97,506.0622035,怡客咖啡,0,0.0
南部,屏東縣,佳冬鄉,屏東縣佳冬鄉,17323.0,30.9842,559.0914079,怡客咖啡,0,0.0
南部,屏東縣,琉球鄉,屏東縣琉球鄉,12076.0,6.8018,1775.412391,怡客咖啡,0,0.0
南部,屏東縣,車城鄉,屏東縣車城鄉,7694.0,49.8517,154.3377658,怡客咖啡,0,0.0
南部,屏東縣,滿州鄉,屏東縣滿州鄉,6927.0,142.2013,48.71263484,怡客咖啡,0,0.0
南部,屏東縣,枋山鄉,屏東縣枋山鄉,4905.0,17.2697,284.0234631,怡客咖啡,0,0.0
南部,屏東縣,三地門鄉,屏東縣三地門鄉,7598.0,196.3965,38.68704381,怡客咖啡,0,0.0
南部,屏東縣,霧臺鄉,屏東縣霧臺鄉,3166.0,278.796,11.35597354,怡客咖啡,0,0.0
南部,屏東縣,瑪家鄉,屏東縣瑪家鄉,6647.0,78.7008,84.45911604,怡客咖啡,0,0.0
南部,屏東縣,泰武鄉,屏東縣泰武鄉,5190.0,118.6266,43.75072707,怡客咖啡,0,0.0
南部,屏東縣,來義鄉,屏東縣來義鄉,7282.0,167.7756,43.40321239,怡客咖啡,0,0.0
南部,屏東縣,春日鄉,屏東縣春日鄉,4857.0,160.001,30.35606027,怡客咖啡,0,0.0
南部,屏東縣,獅子鄉,屏東縣獅子鄉,4825.0,301.0018,16.02980447,怡客咖啡,0,0.0
南部,屏東縣,牡丹鄉,屏東縣牡丹鄉,4671.0,181.8366,25.68789782,怡客咖啡,0,0.0
未涵蓋,臺東縣,臺東市,臺東縣臺東市,102681.0,109.7691,935.4271831,怡客咖啡,0,0.0
未涵蓋,臺東縣,成功鎮,臺東縣成功鎮,12754.0,143.9939,88.5731965,怡客咖啡,0,0.0
未涵蓋,臺東縣,關山鎮,臺東縣關山鎮,7757.0,58.7351,132.0675371,怡客咖啡,0,0.0
未涵蓋,臺東縣,卑南鄉,臺東縣卑南鄉,16264.0,412.6871,39.41000337,怡客咖啡,0,0.0
未涵蓋,臺東縣,大武鄉,臺東縣大武鄉,5327.0,69.1454,77.04055512,怡客咖啡,0,0.0
未涵蓋,臺東縣,太麻里鄉,臺東縣太麻里鄉,10375.0,96.6523,107.3435397,怡客咖啡,0,0.0
未涵蓋,臺東縣,東河鄉,臺東縣東河鄉,7710.0,210.1908,36.68095844,怡客咖啡,0,0.0
未涵蓋,臺東縣,長濱鄉,臺東縣長濱鄉,6469.0,155.1868,41.68524643,怡客咖啡,0,0.0
未涵蓋,臺東縣,鹿野鄉,臺東縣鹿野鄉,6924.0,89.698,77.19235657,怡客咖啡,0,0.0
未涵蓋,臺東縣,池上鄉,臺東縣池上鄉,7529.0,82.6854,91.05597844,怡客咖啡,0,0.0
未涵蓋,臺東縣,綠島鄉,臺東縣綠島鄉,4327.0,15.0919,286.7100895,怡客咖啡,0,0.0
未涵蓋,臺東縣,延平鄉,臺東縣延平鄉,3547.0,455.8805,7.780547753,怡客咖啡,0,0.0
未涵蓋,臺東縣,海端鄉,臺東縣海端鄉,4317.0,880.0382,4.905468876,怡客咖啡,0,0.0
未涵蓋,臺東縣,達仁鄉,臺東縣達仁鄉,3437.0,306.4454,11.21570107,怡客咖啡,0,0.0
未涵蓋,臺東縣,金峰鄉,臺東縣金峰鄉,3682.0,380.6635,9.672584842,怡客咖啡,0,0.0
未涵蓋,臺東縣,蘭嶼鄉,臺東縣蘭嶼鄉,5220.0,48.3892,107.875311,怡客咖啡,0,0.0
未涵蓋,花蓮縣,花蓮市,花蓮縣花蓮市,96860.0,29.4095,3293.493599,怡客咖啡,0,0.0
未涵蓋,花蓮縣,鳳林鎮,花蓮縣鳳林鎮,10136.0,120.5181,84.10354959,怡客咖啡,0,0.0
未涵蓋,花蓮縣,玉里鎮,花蓮縣玉里鎮,21277.0,252.3719,84.3081183,怡客咖啡,0,0.0
未涵蓋,花蓮縣,新城鄉,花蓮縣新城鄉,20492.0,29.4095,696.7816522,怡客咖啡,0,0.0
未涵蓋,花蓮縣,吉安鄉,花蓮縣吉安鄉,83004.0,65.2582,1271.93211,怡客咖啡,0,0.0
未涵蓋,花蓮縣,壽豐鄉,花蓮縣壽豐鄉,16628.0,218.4448,76.11991679,怡客咖啡,0,0.0
未涵蓋,花蓮縣,光復鄉,花蓮縣光復鄉,11478.0,157.11,73.05709376,怡客咖啡,0,0.0
未涵蓋,花蓮縣,豐濱鄉,花蓮縣豐濱鄉,4082.0,162.4332,25.1303305,怡客咖啡,0,0.0
未涵蓋,花蓮縣,瑞穗鄉,花蓮縣瑞穗鄉,10388.0,135.5862,76.61546677,怡客咖啡,0,0.0
未涵蓋,花蓮縣,富里鄉,花蓮縣富里鄉,9386.0,176.3705,53.21751653,怡客咖啡,0,0.0
未涵蓋,花蓮縣,秀林鄉,花蓮縣秀林鄉,17178.0,1641.8555,10.46255289,怡客咖啡,0,0.0
未涵蓋,花蓮縣,萬榮鄉,花蓮縣萬榮鄉,6047.0,618.491,9.777021816,怡客咖啡,0,0.0
未涵蓋,花蓮縣,卓溪鄉,花蓮縣卓溪鄉,5851.0,1021.313,5.728899955,怡客咖啡,0,0.0
南部,澎湖縣,馬公市,澎湖縣馬公市,63282.0,33.9918,1861.684289,怡客咖啡,0,0.0
南部,澎湖縣,湖西鄉,澎湖縣湖西鄉,16131.0,33.3008,484.4027771,怡客咖啡,0,0.0
南部,澎湖縣,白沙鄉,澎湖縣白沙鄉,10084.0,20.0875,502.0037337,怡客咖啡,0,0.0
南部,澎湖縣,西嶼鄉,澎湖縣西嶼鄉,8039.0,18.7148,429.553081,怡客咖啡,0,0.0
南部,澎湖縣,望安鄉,澎湖縣望安鄉,5266.0,13.7824,382.0814952,怡客咖啡,0,0.0
南部,澎湖縣,七美鄉,澎湖縣七美鄉,3914.0,6.9868,560.1992328,怡客咖啡,0,0.0
北部,基隆市,中正區,基隆市中正區,51542.0,10.2118,5047.298224,怡客咖啡,0,0.0
北部,基隆市,七堵區,基隆市七堵區,52169.0,56.2659,927.1868041,怡客咖啡,0,0.0
北部,基隆市,暖暖區,基隆市暖暖區,38462.0,22.8283,1684.838556,怡客咖啡,0,0.0
北部,基隆市,仁愛區,基隆市仁愛區,39689.0,4.2335,9374.985237,怡客咖啡,0,0.0
北部,基隆市,中山區,基隆市中山區,45556.0,10.5238,4328.854596,怡客咖啡,0,0.0
北部,基隆市,安樂區,基隆市安樂區,79850.0,18.025,4429.958391,怡客咖啡,0,0.0
北部,基隆市,信義區,基隆市信義區,52568.0,10.6706,4926.433378,怡客咖啡,0,0.0
北部,新竹市,東區,新竹市東區,222219.0,33.5768,6618.230445,怡客咖啡,1,0.045
北部,新竹市,北區,新竹市北區,153915.0,15.7267,9786.85929,怡客咖啡,0,0.0
北部,新竹市,香山區,新竹市香山區,79606.0,54.8491,1451.363833,怡客咖啡,0,0.0
南部,嘉義市,東區,嘉義市東區,116567.0,30.1556,3865.517516,怡客咖啡,0,0.0
南部,嘉義市,西區,嘉義市西區,145025.0,29.87,4855.205892,怡客咖啡,0,0.0
未涵蓋,金門縣,金城鎮,金門縣金城鎮,40998.0,21.713,1888.177589,怡客咖啡,0,0.0
未涵蓋,金門縣,金湖鎮,金門縣金湖鎮,30545.0,41.696,732.5642748,怡客咖啡,0,0.0
未涵蓋,金門縣,金沙鎮,金門縣金沙鎮,19840.0,41.19,481.6703083,怡客咖啡,0,0.0
未涵蓋,金門縣,金寧鄉,金門縣金寧鄉,35287.0,29.854,1181.985664,怡客咖啡,0,0.0
未涵蓋,金門縣,烈嶼鄉,金門縣烈嶼鄉,12050.0,16.003,752.9838155,怡客咖啡,0,0.0
未涵蓋,金門縣,烏坵鄉,金門縣烏坵鄉,593.0,1.2,494.1666667,怡客咖啡,0,0.0
未涵蓋,連江縣,南竿鄉,連江縣南竿鄉,7629.0,10.4,733.5576923,怡客咖啡,0,0.0
未涵蓋,連江縣,北竿鄉,連江縣北竿鄉,2930.0,9.9,295.959596,怡客咖啡,0,0.0
未涵蓋,連江縣,莒光鄉,連江縣莒光鄉,1537.0,4.7,327.0212766,怡客咖啡,0,0.0
未涵蓋,連江縣,東引鄉,連江縣東引鄉,1525.0,3.8,401.3157895,怡客咖啡,0,0.0
北部,新北市,板橋區,新北市板橋區,549762.0,23.1373,23760.85369,星巴克,10,0.182
北部,新北市,三重區,新北市三重區,382778.0,16.317,23458.8466,星巴克,6,0.157
北部,新北市,中和區,新北市中和區,403791.0,20.144,20045.22438,星巴克,7,0.173
北部,新北市,永和區,新北市永和區,211536.0,5.7138,37021.94687,星巴克,3,0.142
北部,新北市,新莊區,新北市新莊區,421239.0,19.7383,21341.1996,星巴克,7,0.166
北部,新北市,新店區,新北市新店區,306884.0,120.2255,2552.569962,星巴克,7,0.228
北部,新北市,樹林區,新北市樹林區,177412.0,33.1288,5355.219628,星巴克,3,0.169
北部,新北市,鶯歌區,新北市鶯歌區,89501.0,21.1248,4236.773839,星巴克,2,0.223
北部,新北市,三峽區,新北市三峽區,115009.0,191.4508,600.7235279,星巴克,2,0.174
北部,新北市,淡水區,新北市淡水區,208004.0,70.6565,2943.87636,星巴克,6,0.288
北部,新北市,汐止區,新北市汐止區,212758.0,71.2354,2986.689202,星巴克,3,0.141
北部,新北市,瑞芳區,新北市瑞芳區,35623.0,70.7336,503.622041,星巴克,0,0.0
北部,新北市,土城區,新北市土城區,242713.0,29.5578,8211.470407,星巴克,3,0.124
北部,新北市,蘆洲區,新北市蘆洲區,196371.0,7.4351,26411.34618,星巴克,2,0.102
北部,新北市,五股區,新北市五股區,94717.0,34.8632,2716.818881,星巴克,0,0.0
北部,新北市,泰山區,新北市泰山區,78083.0,19.1603,4075.249344,星巴克,1,0.128
北部,新北市,林口區,新北市林口區,138461.0,54.1519,2556.900127,星巴克,6,0.433
北部,新北市,深坑區,新北市深坑區,23639.0,20.5787,1148.712018,星巴克,0,0.0
北部,新北市,石碇區,新北市石碇區,6917.0,144.3498,47.91832064,星巴克,0,0.0
北部,新北市,坪林區,新北市坪林區,6163.0,170.835,36.0757456,星巴克,0,0.0
北部,新北市,三芝區,新北市三芝區,22061.0,65.9909,334.3036691,星巴克,0,0.0
北部,新北市,石門區,新北市石門區,9994.0,51.2645,194.9497215,星巴克,0,0.0
北部,新北市,八里區,新北市八里區,43495.0,39.4933,1101.326048,星巴克,0,0.0
北部,新北市,平溪區,新北市平溪區,3900.0,71.3382,54.66916743,星巴克,0,0.0
北部,新北市,雙溪區,新北市雙溪區,7442.0,146.2484,50.88602679,星巴克,0,0.0
北部,新北市,貢寮區,新北市貢寮區,10445.0,99.9734,104.4777911,星巴克,1,0.957
北部,新北市,金山區,新北市金山區,19725.0,49.2132,400.8071005,星巴克,0,0.0
北部,新北市,萬里區,新北市萬里區,20209.0,63.3766,318.871634,星巴克,1,0.495
北部,新北市,烏來區,新北市烏來區,6199.0,321.1306,19.30367271,星巴克,0,0.0
北部,臺北市,松山區,臺北市松山區,187318.0,9.2878,20168.17761,星巴克,9,0.48
北部,臺北市,信義區,臺北市信義區,201446.0,11.2077,17973.89295,星巴克,8,0.397
北部,臺北市,大安區,臺北市大安區,282328.0,11.3614,24849.75443,星巴克,21,0.744
北部,臺北市,中山區,臺北市中山區,212152.0,13.6821,15505.80686,星巴克,14,0.66
北部,臺北市,中正區,臺北市中正區,144109.0,7.6071,18944.01283,星巴克,13,0.902
北部,臺北市,大同區,臺北市大同區,116618.0,5.6815,20525.91745,星巴克,4,0.343
北部,臺北市,萬華區,臺北市萬華區,168675.0,8.8522,19054.5853,星巴克,6,0.356
北部,臺北市,文山區,臺北市文山區,253822.0,31.509,8055.539687,星巴克,4,0.158
北部,臺北市,南港區,臺北市南港區,111239.0,21.8424,5092.801157,星巴克,6,0.539
北部,臺北市,內湖區,臺北市內湖區,267959.0,31.5787,8485.434803,星巴克,13,0.485
北部,臺北市,士林區,臺北市士林區,258163.0,62.3682,4139.337034,星巴克,8,0.31
北部,臺北市,北投區,臺北市北投區,235678.0,56.8216,4147.683275,星巴克,4,0.17
北部,桃園市,桃園區,桃園市桃園區,478487.0,34.8046,13747.8092,星巴克,14,0.293
北部,桃園市,中壢區,桃園市中壢區,439213.0,76.52,5739.845792,星巴克,11,0.25
北部,桃園市,大溪區,桃園市大溪區,93799.0,105.1206,892.2989405,星巴克,1,0.107
北部,桃園市,楊梅區,桃園市楊梅區,182837.0,89.1229,2051.515379,星巴克,2,0.109
北部,桃園市,蘆竹區,桃園市蘆竹區,170556.0,75.5025,2258.945068,星巴克,3,0.176
北部,桃園市,大園區,桃園市大園區,89713.0,87.3925,1026.552622,星巴克,4,0.446
北部,桃園市,龜山區,桃園市龜山區,188328.0,72.0177,2615.023807,星巴克,5,0.265
北部,桃園市,八德區,桃園市八德區,216058.0,33.7111,6409.105606,星巴克,3,0.139
北部,桃園市,龍潭區,桃園市龍潭區,127360.0,75.2341,1692.849386,星巴克,1,0.079
北部,桃園市,平鎮區,桃園市平鎮區,228210.0,47.7532,4778.946751,星巴克,1,0.044
北部,桃園市,新屋區,桃園市新屋區,49723.0,85.0166,584.8622504,星巴克,0,0.0
北部,桃園市,觀音區,桃園市觀音區,77526.0,87.9807,881.1705294,星巴克,0,0.0
北部,桃園市,復興區,桃園市復興區,13296.0,350.7775,37.90436958,星巴克,0,0.0
中部,臺中市,中區,臺中市中區,18029.0,0.8803,20480.51801,星巴克,2,1.109
中部,臺中市,東區,臺中市東區,77745.0,9.2855,8372.731678,星巴克,2,0.257
中部,臺中市,南區,臺中市南區,128309.0,6.8101,18840.98618,星巴克,2,0.156
中部,臺中市,西區,臺中市西區,113288.0,5.7042,19860.4537,星巴克,4,0.353
中部,臺中市,北區,臺中市北區,143537.0,6.9376,20689.71979,星巴克,5,0.348
中部,臺中市,西屯區,臺中市西屯區,238052.0,39.8467,5974.196107,星巴克,11,0.462
中部,臺中市,南屯區,臺中市南屯區,186105.0,31.2578,5953.873913,星巴克,5,0.269
中部,臺中市,北屯區,臺中市北屯區,317182.0,62.7034,5058.449781,星巴克,6,0.189
中部,臺中市,豐原區,臺中市豐原區,161771.0,41.1845,3927.958334,星巴克,2,0.124
中部,臺中市,東勢區,臺中市東勢區,46488.0,117.4065,395.9576344,星巴克,0,0.0
中部,臺中市,大甲區,臺中市大甲區,73108.0,58.5192,1249.299375,星巴克,1,0.137
中部,臺中市,清水區,臺中市清水區,90640.0,64.1709,1412.478242,星巴克,1,0.11
中部,臺中市,沙鹿區,臺中市沙鹿區,101419.0,40.4604,2506.623761,星巴克,2,0.197
中部,臺中市,梧棲區,臺中市梧棲區,65685.0,16.6049,3955.760047,星巴克,1,0.152
中部,臺中市,后里區,臺中市后里區,52754.0,58.9439,894.9865889,星巴克,3,0.569
中部,臺中市,神岡區,臺中市神岡區,63271.0,35.0445,1805.44736,星巴克,0,0.0
中部,臺中市,潭子區,臺中市潭子區,109314.0,25.8497,4228.830509,星巴克,2,0.183
中部,臺中市,大雅區,臺中市大雅區,94741.0,32.4109,2923.121542,星巴克,1,0.106
中部,臺中市,新社區,臺中市新社區,22579.0,68.8874,327.7667614,星巴克,0,0.0
中部,臺中市,石岡區,臺中市石岡區,13668.0,18.2105,750.5559979,星巴克,0,0.0
中部,臺中市,外埔區,臺中市外埔區,30823.0,42.4099,726.7878491,星巴克,0,0.0
中部,臺中市,大安區,臺中市大安區,17487.0,27.4045,638.1068803,星巴克,0,0.0
中部,臺中市,烏日區,臺中市烏日區,82248.0,43.4032,1894.975486,星巴克,2,0.243
中部,臺中市,大肚區,臺中市大肚區,55255.0,37.0024,1493.281517,星巴克,1,0.181
中部,臺中市,龍井區,臺中市龍井區,79241.0,38.0377,2083.222697,星巴克,1,0.126
中部,臺中市,霧峰區,臺中市霧峰區,62627.0,98.0779,638.5434435,星巴克,0,0.0
中部,臺中市,太平區,臺中市太平區,201536.0,120.7473,1669.072518,星巴克,1,0.05
中部,臺中市,大里區,臺中市大里區,211094.0,28.8758,7310.412179,星巴克,1,0.047
中部,臺中市,和平區,臺中市和平區,10469.0,1037.8192,10.08749886,星巴克,0,0.0
南部,臺南市,新營區,臺南市新營區,74493.0,38.5386,1932.945151,星巴克,1,0.134
南部,臺南市,鹽水區,臺南市鹽水區,23635.0,52.2455,452.3834589,星巴克,0,0.0
南部,臺南市,白河區,臺南市白河區,24948.0,126.4046,197.3662351,星巴克,0,0.0
南部,臺南市,柳營區,臺南市柳營區,19831.0,61.2929,323.5448151,星巴克,0,0.0
南部,臺南市,後壁區,臺南市後壁區,20840.0,72.2189,288.5671202,星巴克,0,0.0
南部,臺南市,東山區,臺南市東山區,18490.0,124.9178,148.0173362,星巴克,0,0.0
南部,臺南市,麻豆區,臺南市麻豆區,42873.0,53.9744,794.3210114,星巴克,1,0.233
南部,臺南市,下營區,臺南市下營區,21742.0,33.5291,648.4516435,星巴克,0,0.0
南部,臺南市,六甲區,臺南市六甲區,20880.0,67.5471,309.1176379,星巴克,0,0.0
南部,臺南市,官田區,臺南市官田區,20527.0,70.7953,289.9486265,星巴克,0,0.0
南部,臺南市,大內區,臺南市大內區,8427.0,70.3125,119.8506667,星巴克,0,0.0
南部,臺南市,佳里區,臺南市佳里區,58328.0,38.9422,1497.809574,星巴克,1,0.171
南部,臺南市,學甲區,臺南市學甲區,24365.0,53.9919,451.2713944,星巴克,0,0.0
南部,臺南市,西港區,臺南市西港區,24811.0,33.7666,734.7793382,星巴克,0,0.0
南部,臺南市,七股區,臺南市七股區,20493.0,110.1492,186.0476517,星巴克,0,0.0
南部,臺南市,將軍區,臺南市將軍區,17598.0,41.9796,419.2036132,星巴克,0,0.0
南部,臺南市,北門區,臺南市北門區,9436.0,44.1003,213.9667984,星巴克,0,0.0
南部,臺南市,新化區,臺南市新化區,41932.0,62.0579,675.6915719,星巴克,1,0.238
南部,臺南市,善化區,臺南市善化區,53888.0,55.3097,974.295648,星巴克,2,0.371
南部,臺南市,新市區,臺南市新市區,38279.0,47.8096,800.6550986,星巴克,2,0.522
南部,臺南市,安定區,臺南市安定區,29783.0,31.27,952.4464343,星巴克,1,0.336
南部,臺南市,山上區,臺南市山上區,6796.0,27.878,243.7764546,星巴克,0,0.0
南部,臺南市,玉井區,臺南市玉井區,12674.0,76.3662,165.963476,星巴克,0,0.0
南部,臺南市,楠西區,臺南市楠西區,8392.0,109.6316,76.54727287,星巴克,0,0.0
南部,臺南市,南化區,臺南市南化區,7606.0,171.5198,44.34473454,星巴克,0,0.0
南部,臺南市,左鎮區,臺南市左鎮區,4095.0,74.9025,54.67107239,星巴克,0,0.0
南部,臺南市,仁德區,臺南市仁德區,77496.0,50.7664,1526.521479,星巴克,0,0.0
南部,臺南市,歸仁區,臺南市歸仁區,70574.0,55.7913,1264.964251,星巴克,2,0.283
南部,臺南市,關廟區,臺南市關廟區,33198.0,53.6413,618.888804,星巴克,0,0.0
南部,臺南市,龍崎區,臺南市龍崎區,3234.0,64.0814,50.46706221,星巴克,0,0.0
南部,臺南市,永康區,臺南市永康區,235805.0,40.2753,5854.829138,星巴克,5,0.212
南部,臺南市,東區,臺南市東區,180856.0,13.4156,13481.02209,星巴克,3,0.166
南部,臺南市,南區,臺南市南區,119121.0,27.2681,4368.511191,星巴克,1,0.084
南部,臺南市,北區,臺南市北區,125439.0,10.434,12022.13916,星巴克,2,0.159
南部,臺南市,安南區,臺南市安南區,204534.0,107.2016,1907.937941,星巴克,4,0.196
南部,臺南市,安平區,臺南市安平區,71256.0,11.0663,6439.008521,星巴克,1,0.14
南部,臺南市,中西區,臺南市中西區,75802.0,6.26,12108.94569,星巴克,7,0.923
南部,高雄市,鹽埕區,高雄市鹽埕區,21871.0,1.4161,15444.53075,星巴克,0,0.0
南部,高雄市,鼓山區,高雄市鼓山區,140791.0,14.7523,9543.664378,星巴克,3,0.213
南部,高雄市,左營區,高雄市左營區,197621.0,19.3823,10195.95198,星巴克,6,0.304
南部,高雄市,楠梓區,高雄市楠梓區,195613.0,25.8276,7573.797023,星巴克,4,0.204
南部,高雄市,三民區,高雄市三民區,328827.0,19.7866,16618.67122,星巴克,3,0.091
南部,高雄市,新興區,高雄市新興區,49380.0,1.9764,24984.82089,星巴克,2,0.405
南部,高雄市,前金區,高雄市前金區,27670.0,1.8573,14897.97017,星巴克,2,0.723
南部,高雄市,苓雅區,高雄市苓雅區,161185.0,8.1522,19771.9634,星巴克,7,0.434
南部,高雄市,前鎮區,高雄市前鎮區,176845.0,19.1207,9248.876872,星巴克,1,0.057
南部,高雄市,旗津區,高雄市旗津區,24906.0,1.7341,14362.49351,星巴克,0,0.0
南部,高雄市,小港區,高雄市小港區,153310.0,45.4426,3373.70661,星巴克,3,0.196
南部,高雄市,鳳山區,高雄市鳳山區,353000.0,26.759,13191.82331,星巴克,1,0.028
南部,高雄市,林園區,高雄市林園區,67341.0,32.286,2085.764728,星巴克,1,0.148
南部,高雄市,大寮區,高雄市大寮區,112239.0,71.04,1579.940878,星巴克,1,0.089
南部,高雄市,大樹區,高雄市大樹區,39906.0,66.9811,595.7800036,星巴克,0,0.0
南部,高雄市,大社區,高雄市大社區,33741.0,26.5848,1269.183895,星巴克,0,0.0
南部,高雄市,仁武區,高雄市仁武區,100311.0,36.0808,2780.176714,星巴克,1,0.1
南部,高雄市,鳥松區,高雄市鳥松區,43703.0,24.5927,1777.072058,星巴克,1,0.229
南部,高雄市,岡山區,高雄市岡山區,94624.0,47.9421,1973.714126,星巴克,2,0.211
南部,高雄市,橋頭區,高雄市橋頭區,43341.0,25.9379,1670.952544,星巴克,0,0.0
南部,高雄市,燕巢區,高雄市燕巢區,28348.0,65.395,433.4887988,星巴克,0,0.0
南部,高雄市,田寮區,高雄市田寮區,6125.0,92.6802,66.08747068,星巴克,0,0.0
南部,高雄市,阿蓮區,高雄市阿蓮區,26785.0,34.6164,773.7661917,星巴克,0,0.0
南部,高雄市,路竹區,高雄市路竹區,48906.0,48.4348,1009.728542,星巴克,1,0.204
南部,高雄市,湖內區,高雄市湖內區,29295.0,20.1615,1453.016889,星巴克,0,0.0
南部,高雄市,茄萣區,高雄市茄萣區,28732.0,15.7624,1822.81886,星巴克,0,0.0
南部,高雄市,永安區,高雄市永安區,13510.0,22.6141,597.4148872,星巴克,0,0.0
南部,高雄市,彌陀區,高雄市彌陀區,17715.0,14.7772,1198.806269,星巴克,0,0.0
南部,高雄市,梓官區,高雄市梓官區,34701.0,11.5967,2992.31678,星巴克,0,0.0
南部,高雄市,旗山區,高雄市旗山區,33368.0,94.6122,352.6817895,星巴克,1,0.3
南部,高雄市,美濃區,高雄市美濃區,36074.0,120.0316,300.5375251,星巴克,0,0.0
南部,高雄市,六龜區,高雄市六龜區,11286.0,194.1584,58.12779669,星巴克,0,0.0
南部,高雄市,甲仙區,高雄市甲仙區,5279.0,124.034,42.56091072,星巴克,0,0.0
南部,高雄市,杉林區,高雄市杉林區,10569.0,104.0036,101.6214823,星巴克,0,0.0
南部,高雄市,內門區,高雄市內門區,12519.0,95.6224,130.9212067,星巴克,0,0.0
南部,高雄市,茂林區,高雄市茂林區,1846.0,194.0,9.515463918,星巴克,0,0.0
南部,高雄市,桃源區,高雄市桃源區,4151.0,928.98,4.468341622,星巴克,0,0.0
南部,高雄市,那瑪夏區,高雄市那瑪夏區,3111.0,252.9895,12.29695304,星巴克,0,0.0
北部,宜蘭縣,宜蘭市,宜蘭縣宜蘭市,94561.0,29.408,3215.485582,星巴克,3,0.317
北部,宜蘭縣,羅東鎮,宜蘭縣羅東鎮,68960.0,11.3448,6078.555814,星巴克,2,0.29
北部,宜蘭縣,蘇澳鎮,宜蘭縣蘇澳鎮,36413.0,89.0196,409.0447497,星巴克,0,0.0
北部,宜蘭縣,頭城鎮,宜蘭縣頭城鎮,27868.0,100.893,276.2134142,星巴克,1,0.359
北部,宜蘭縣,礁溪鄉,宜蘭縣礁溪鄉,36629.0,101.4278,361.1337326,星巴克,1,0.273
北部,宜蘭縣,壯圍鄉,宜蘭縣壯圍鄉,24479.0,38.4769,636.1999018,星巴克,0,0.0
北部,宜蘭縣,員山鄉,宜蘭縣員山鄉,32226.0,111.9106,287.9619982,星巴克,0,0.0
北部,宜蘭縣,冬山鄉,宜蘭縣冬山鄉,52938.0,79.8573,662.9074612,星巴克,0,0.0
北部,宜蘭縣,五結鄉,宜蘭縣五結鄉,41737.0,38.8671,1073.838799,星巴克,0,0.0
北部,宜蘭縣,三星鄉,宜蘭縣三星鄉,21356.0,144.2238,148.0754217,星巴克,0,0.0
北部,宜蘭縣,大同鄉,宜蘭縣大同鄉,5998.0,657.5442,9.121820252,星巴克,0,0.0
北部,宜蘭縣,南澳鄉,宜蘭縣南澳鄉,6171.0,740.652,8.331848155,星巴克,0,0.0
北部,新竹縣,竹北市,新竹縣竹北市,220973.0,46.8341,4718.20746,星巴克,7,0.317
北部,新竹縣,關西鎮,新竹縣關西鎮,26011.0,125.5193,207.2270958,星巴克,0,0.0
北部,新竹縣,新埔鎮,新竹縣新埔鎮,33561.0,72.1911,464.8911015,星巴克,0,0.0
北部,新竹縣,竹東鎮,新竹縣竹東鎮,97894.0,53.5133,1829.339622,星巴克,1,0.102
北部,新竹縣,湖口鄉,新竹縣湖口鄉,84963.0,58.4303,1454.091456,星巴克,2,0.235
北部,新竹縣,橫山鄉,新竹縣橫山鄉,11901.0,66.3502,179.3664526,星巴克,0,0.0
北部,新竹縣,新豐鄉,新竹縣新豐鄉,59839.0,46.3496,1291.035953,星巴克,1,0.167
北部,新竹縣,芎林鄉,新竹縣芎林鄉,20385.0,40.7858,499.8063051,星巴克,1,0.491
北部,新竹縣,寶山鄉,新竹縣寶山鄉,14588.0,64.7871,225.168282,星巴克,0,0.0
北部,新竹縣,北埔鄉,新竹縣北埔鄉,8289.0,50.6676,163.5956706,星巴克,0,0.0
北部,新竹縣,峨眉鄉,新竹縣峨眉鄉,4970.0,46.801,106.1943121,星巴克,0,0.0
北部,新竹縣,尖石鄉,新竹縣尖石鄉,9464.0,527.5795,17.9385287,星巴克,0,0.0
北部,新竹縣,五峰鄉,新竹縣五峰鄉,4397.0,227.728,19.30812197,星巴克,0,0.0
中部,苗栗縣,苗栗市,苗栗縣苗栗市,85838.0,37.8878,2265.584172,星巴克,1,0.116
中部,苗栗縣,頭份市,苗栗縣頭份市,108231.0,53.3205,2029.819675,星巴克,1,0.092
中部,苗栗縣,苑裡鎮,苗栗縣苑裡鎮,43237.0,68.2473,633.5342204,星巴克,1,0.231
中部,苗栗縣,通霄鎮,苗栗縣通霄鎮,30618.0,107.8486,283.8979829,星巴克,0,0.0
中部,苗栗縣,竹南鎮,苗栗縣竹南鎮,91538.0,37.5592,2437.165861,星巴克,0,0.0
中部,苗栗縣,後龍鎮,苗栗縣後龍鎮,33531.0,75.8079,442.3153787,星巴克,1,0.298
中部,苗栗縣,卓蘭鎮,苗栗縣卓蘭鎮,14483.0,76.3153,189.7784586,星巴克,0,0.0
中部,苗栗縣,大湖鄉,苗栗縣大湖鄉,12310.0,90.8396,135.5135866,星巴克,0,0.0
中部,苗栗縣,公館鄉,苗栗縣公館鄉,30461.0,71.4523,426.312379,星巴克,0,0.0
中部,苗栗縣,銅鑼鄉,苗栗縣銅鑼鄉,16079.0,78.3805,205.1403091,星巴克,0,0.0
中部,苗栗縣,南庄鄉,苗栗縣南庄鄉,8576.0,165.4938,51.82067244,星巴克,0,0.0
中部,苗栗縣,頭屋鄉,苗栗縣頭屋鄉,9354.0,52.5046,178.1558187,星巴克,0,0.0
中部,苗栗縣,三義鄉,苗栗縣三義鄉,14485.0,69.3424,208.8909527,星巴克,0,0.0
中部,苗栗縣,西湖鄉,苗栗縣西湖鄉,5875.0,41.0758,143.0282551,星巴克,1,1.702
中部,苗栗縣,造橋鄉,苗栗縣造橋鄉,11548.0,47.9978,240.5943606,星巴克,0,0.0
中部,苗栗縣,三灣鄉,苗栗縣三灣鄉,5664.0,52.2964,108.3057342,星巴克,0,0.0
中部,苗栗縣,獅潭鄉,苗栗縣獅潭鄉,3943.0,79.4324,49.63969363,星巴克,0,0.0
中部,苗栗縣,泰安鄉,苗栗縣泰安鄉,5401.0,614.5127,8.789077915,星巴克,0,0.0
中部,彰化縣,彰化市,彰化縣彰化市,220487.0,65.6947,3356.237261,星巴克,3,0.136
中部,彰化縣,員林市,彰化縣員林市,122148.0,40.038,3050.801738,星巴克,1,0.082
中部,彰化縣,鹿港鎮,彰化縣鹿港鎮,82212.0,39.4625,2083.294267,星巴克,1,0.122
中部,彰化縣,和美鎮,彰化縣和美鎮,86635.0,39.9345,2169.427437,星巴克,1,0.115
中部,彰化縣,北斗鎮,彰化縣北斗鎮,33099.0,19.2547,1719.008865,星巴克,1,0.302
中部,彰化縣,溪湖鎮,彰化縣溪湖鎮,52832.0,32.0592,1647.95129,星巴克,1,0.189
中部,彰化縣,田中鎮,彰化縣田中鎮,38273.0,34.6056,1105.977067,星巴克,0,0.0
中部,彰化縣,二林鎮,彰化縣二林鎮,46419.0,92.8478,499.9472255,星巴克,0,0.0
中部,彰化縣,線西鄉,彰化縣線西鄉,16014.0,18.0856,885.4558323,星巴克,0,0.0
中部,彰化縣,伸港鄉,彰化縣伸港鄉,38146.0,22.3268,1708.529659,星巴克,0,0.0
中部,彰化縣,福興鄉,彰化縣福興鄉,44284.0,49.8934,887.5723042,星巴克,0,0.0
中部,彰化縣,秀水鄉,彰化縣秀水鄉,37356.0,29.3447,1273.00671,星巴克,0,0.0
中部,彰化縣,花壇鄉,彰化縣花壇鄉,42816.0,36.3469,1177.982166,星巴克,1,0.234
中部,彰化縣,芬園鄉,彰化縣芬園鄉,21334.0,38.0204,561.1198199,星巴克,0,0.0
中部,彰化縣,大村鄉,彰化縣大村鄉,38919.0,30.7837,1264.272976,星巴克,0,0.0
中部,彰化縣,埔鹽鄉,彰化縣埔鹽鄉,30041.0,38.6081,778.1009684,星巴克,0,0.0
中部,彰化縣,埔心鄉,彰化縣埔心鄉,33082.0,20.9526,1578.89713,星巴克,1,0.302
中部,彰化縣,永靖鄉,彰化縣永靖鄉,34177.0,20.6382,1656.006822,星巴克,0,0.0
中部,彰化縣,社頭鄉,彰化縣社頭鄉,40272.0,36.1449,1114.182084,星巴克,1,0.248
中部,彰化縣,二水鄉,彰化縣二水鄉,13220.0,29.4449,448.9741857,星巴克,0,0.0
中部,彰化縣,田尾鄉,彰化縣田尾鄉,25251.0,24.0375,1050.483619,星巴克,0,0.0
中部,彰化縣,埤頭鄉,彰化縣埤頭鄉,27997.0,42.7508,654.8883296,星巴克,0,0.0
中部,彰化縣,芳苑鄉,彰化縣芳苑鄉,29880.0,91.3827,326.9765503,星巴克,0,0.0
中部,彰化縣,大城鄉,彰化縣大城鄉,14146.0,63.7406,221.9307631,星巴克,0,0.0
中部,彰化縣,竹塘鄉,彰化縣竹塘鄉,13918.0,42.1662,330.0747992,星巴克,0,0.0
中部,彰化縣,溪州鄉,彰化縣溪州鄉,27248.0,75.831,359.3253419,星巴克,0,0.0
中部,南投縣,南投市,南投縣南投市,96229.0,71.6021,1343.94103,星巴克,2,0.208
中部,南投縣,埔里鎮,南投縣埔里鎮,75613.0,162.2227,466.1061615,星巴克,0,0.0
中部,南投縣,草屯鎮,南投縣草屯鎮,97724.0,104.0327,939.3584902,星巴克,1,0.102
中部,南投縣,竹山鎮,南投縣竹山鎮,49905.0,247.3339,201.7717749,星巴克,0,0.0
中部,南投縣,集集鎮,南投縣集集鎮,9882.0,49.7268,198.725838,星巴克,0,0.0
中部,南投縣,名間鄉,南投縣名間鄉,34557.0,83.0955,415.8708955,星巴克,0,0.0
中部,南投縣,鹿谷鄉,南投縣鹿谷鄉,15454.0,141.8981,108.9091397,星巴克,0,0.0
中部,南投縣,中寮鄉,南投縣中寮鄉,12825.0,146.6541,87.45067475,星巴克,0,0.0
中部,南投縣,魚池鄉,南投縣魚池鄉,14098.0,121.3735,116.1538557,星巴克,0,0.0
中部,南投縣,國姓鄉,南投縣國姓鄉,15963.0,175.7042,90.8515562,星巴克,0,0.0
中部,南投縣,水里鄉,南投縣水里鄉,15452.0,106.8424,144.6242316,星巴克,0,0.0
中部,南投縣,信義鄉,南投縣信義鄉,14886.0,1422.4188,10.46527225,星巴克,0,0.0
中部,南投縣,仁愛鄉,南投縣仁愛鄉,15293.0,1273.5312,12.00834342,星巴克,0,0.0
中部,雲林縣,斗六市,雲林縣斗六市,109030.0,93.7151,1163.419769,星巴克,3,0.275
中部,雲林縣,斗南鎮,雲林縣斗南鎮,43322.0,48.1505,899.7206675,星巴克,1,0.231
中部,雲林縣,虎尾鎮,雲林縣虎尾鎮,71349.0,68.742,1037.924413,星巴克,3,0.42
中部,雲林縣,西螺鎮,雲林縣西螺鎮,43975.0,49.7985,883.0587267,星巴克,1,0.227
中部,雲林縣,土庫鎮,雲林縣土庫鎮,27234.0,49.0212,555.5555556,星巴克,0,0.0
中部,雲林縣,北港鎮,雲林縣北港鎮,37053.0,41.4999,892.8455249,星巴克,1,0.27
中部,雲林縣,古坑鄉,雲林縣古坑鄉,29193.0,166.6059,175.2218859,星巴克,0,0.0
中部,雲林縣,大埤鄉,雲林縣大埤鄉,17521.0,44.9973,389.3789183,星巴克,0,0.0
中部,雲林縣,莿桐鄉,雲林縣莿桐鄉,27201.0,50.8502,534.9241498,星巴克,0,0.0
中部,雲林縣,林內鄉,雲林縣林內鄉,16285.0,37.6035,433.0713896,星巴克,0,0.0
中部,雲林縣,二崙鄉,雲林縣二崙鄉,24165.0,59.5625,405.7082896,星巴克,0,0.0
中部,雲林縣,崙背鄉,雲林縣崙背鄉,22255.0,58.484,380.5314274,星巴克,0,0.0
中部,雲林縣,麥寮鄉,雲林縣麥寮鄉,48815.0,80.1668,608.9179062,星巴克,1,0.205
中部,雲林縣,東勢鄉,雲林縣東勢鄉,12885.0,48.3562,266.4601437,星巴克,0,0.0
中部,雲林縣,褒忠鄉,雲林縣褒忠鄉,11490.0,37.0552,310.0779378,星巴克,0,0.0
中部,雲林縣,臺西鄉,雲林縣臺西鄉,20778.0,54.0983,384.0786125,星巴克,0,0.0
中部,雲林縣,元長鄉,雲林縣元長鄉,22478.0,71.5872,313.9946806,星巴克,0,0.0
中部,雲林縣,四湖鄉,雲林縣四湖鄉,20210.0,77.1189,262.0628666,星巴克,0,0.0
中部,雲林縣,口湖鄉,雲林縣口湖鄉,23945.0,80.4612,297.5968541,星巴克,0,0.0
中部,雲林縣,水林鄉,雲林縣水林鄉,21805.0,72.9582,298.8697638,星巴克,0,0.0
南部,嘉義縣,太保市,嘉義縣太保市,39923.0,66.8964,596.7884669,星巴克,1,0.25
南部,嘉義縣,朴子市,嘉義縣朴子市,39950.0,49.5737,805.8708549,星巴克,1,0.25
南部,嘉義縣,布袋鎮,嘉義縣布袋鎮,23589.0,61.7307,382.1275314,星巴克,0,0.0
南部,嘉義縣,大林鎮,嘉義縣大林鎮,29542.0,64.1663,460.397436,星巴克,0,0.0
南部,嘉義縣,民雄鄉,嘉義縣民雄鄉,69716.0,85.4969,815.4213779,星巴克,1,0.143
南部,嘉義縣,溪口鄉,嘉義縣溪口鄉,12604.0,33.0463,381.4042722,星巴克,0,0.0
南部,嘉義縣,新港鄉,嘉義縣新港鄉,29006.0,66.0495,439.1554819,星巴克,1,0.345
南部,嘉義縣,六腳鄉,嘉義縣六腳鄉,20044.0,62.2619,321.9304262,星巴克,0,0.0
南部,嘉義縣,東石鄉,嘉義縣東石鄉,21671.0,81.5821,265.6342507,星巴克,0,0.0
南部,嘉義縣,義竹鄉,嘉義縣義竹鄉,15829.0,79.2925,199.6279598,星巴克,0,0.0
南部,嘉義縣,鹿草鄉,嘉義縣鹿草鄉,13460.0,54.3151,247.8132232,星巴克,0,0.0
南部,嘉義縣,水上鄉,嘉義縣水上鄉,46932.0,69.1198,678.9950202,星巴克,0,0.0
南部,嘉義縣,中埔鄉,嘉義縣中埔鄉,41673.0,129.5016,321.795252,星巴克,1,0.24
南部,嘉義縣,竹崎鄉,嘉義縣竹崎鄉,32160.0,162.2256,198.2424476,星巴克,0,0.0
南部,嘉義縣,梅山鄉,嘉義縣梅山鄉,17177.0,119.7571,143.4319969,星巴克,0,0.0
南部,嘉義縣,番路鄉,嘉義縣番路鄉,10582.0,117.5269,90.03896129,星巴克,0,0.0
南部,嘉義縣,大埔鄉,嘉義縣大埔鄉,4160.0,173.2472,24.01193208,星巴克,0,0.0
南部,嘉義縣,阿里山鄉,嘉義縣阿里山鄉,5163.0,427.8471,12.0673951,星巴克,0,0.0
南部,屏東縣,屏東市,屏東縣屏東市,191466.0,65.067,2942.59763,星巴克,4,0.209
南部,屏東縣,潮州鎮,屏東縣潮州鎮,53723.0,42.4331,1266.063521,星巴克,1,0.186
南部,屏東縣,東港鎮,屏東縣東港鎮,45879.0,29.4635,1557.146978,星巴克,1,0.218
南部,屏東縣,恆春鎮,屏東縣恆春鎮,28770.0,136.763,210.3639142,星巴克,2,0.695
南部,屏東縣,萬丹鄉,屏東縣萬丹鄉,48586.0,57.4679,845.4458924,星巴克,0,0.0
南部,屏東縣,長治鄉,屏東縣長治鄉,29192.0,39.8861,731.8840398,星巴克,0,0.0
南部,屏東縣,麟洛鄉,屏東縣麟洛鄉,10406.0,16.26,639.9753998,星巴克,0,0.0
南部,屏東縣,九如鄉,屏東縣九如鄉,21420.0,42.0187,509.7730296,星巴克,0,0.0
南部,屏東縣,里港鄉,屏東縣里港鄉,24948.0,68.9208,361.9807083,星巴克,0,0.0
南部,屏東縣,鹽埔鄉,屏東縣鹽埔鄉,23106.0,64.3493,359.0715051,星巴克,0,0.0
南部,屏東縣,高樹鄉,屏東縣高樹鄉,21935.0,90.1522,243.3107567,星巴克,0,0.0
南部,屏東縣,萬巒鄉,屏東縣萬巒鄉,18654.0,60.7315,307.1552654,星巴克,0,0.0
南部,屏東縣,內埔鄉,屏東縣內埔鄉,52760.0,81.8554,644.5512452,星巴克,1,0.19
南部,屏東縣,竹田鄉,屏東縣竹田鄉,15363.0,29.0732,528.4248036,星巴克,0,0.0
南部,屏東縣,新埤鄉,屏東縣新埤鄉,8983.0,59.0102,152.2279199,星巴克,0,0.0
南部,屏東縣,枋寮鄉,屏東縣枋寮鄉,22321.0,57.7347,386.6132499,星巴克,0,0.0
南部,屏東縣,新園鄉,屏東縣新園鄉,31703.0,38.3109,827.5190612,星巴克,0,0.0
南部,屏東縣,崁頂鄉,屏東縣崁頂鄉,14459.0,31.2659,462.4527041,星巴克,0,0.0
南部,屏東縣,林邊鄉,屏東縣林邊鄉,15821.0,15.6233,1012.654177,星巴克,0,0.0
南部,屏東縣,南州鄉,屏東縣南州鄉,9600.0,18.97,506.0622035,星巴克,0,0.0
南部,屏東縣,佳冬鄉,屏東縣佳冬鄉,17323.0,30.9842,559.0914079,星巴克,0,0.0
南部,屏東縣,琉球鄉,屏東縣琉球鄉,12076.0,6.8018,1775.412391,星巴克,0,0.0
南部,屏東縣,車城鄉,屏東縣車城鄉,7694.0,49.8517,154.3377658,星巴克,1,1.3
南部,屏東縣,滿州鄉,屏東縣滿州鄉,6927.0,142.2013,48.71263484,星巴克,0,0.0
南部,屏東縣,枋山鄉,屏東縣枋山鄉,4905.0,17.2697,284.0234631,星巴克,0,0.0
南部,屏東縣,三地門鄉,屏東縣三地門鄉,7598.0,196.3965,38.68704381,星巴克,0,0.0
南部,屏東縣,霧臺鄉,屏東縣霧臺鄉,3166.0,278.796,11.35597354,星巴克,0,0.0
南部,屏東縣,瑪家鄉,屏東縣瑪家鄉,6647.0,78.7008,84.45911604,星巴克,0,0.0
南部,屏東縣,泰武鄉,屏東縣泰武鄉,5190.0,118.6266,43.75072707,星巴克,0,0.0
南部,屏東縣,來義鄉,屏東縣來義鄉,7282.0,167.7756,43.40321239,星巴克,0,0.0
南部,屏東縣,春日鄉,屏東縣春日鄉,4857.0,160.001,30.35606027,星巴克,0,0.0
南部,屏東縣,獅子鄉,屏東縣獅子鄉,4825.0,301.0018,16.02980447,星巴克,0,0.0
南部,屏東縣,牡丹鄉,屏東縣牡丹鄉,4671.0,181.8366,25.68789782,星巴克,0,0.0
未涵蓋,臺東縣,臺東市,臺東縣臺東市,102681.0,109.7691,935.4271831,星巴克,0,0.0
未涵蓋,臺東縣,成功鎮,臺東縣成功鎮,12754.0,143.9939,88.5731965,星巴克,0,0.0
未涵蓋,臺東縣,關山鎮,臺東縣關山鎮,7757.0,58.7351,132.0675371,星巴克,0,0.0
未涵蓋,臺東縣,卑南鄉,臺東縣卑南鄉,16264.0,412.6871,39.41000337,星巴克,0,0.0
未涵蓋,臺東縣,大武鄉,臺東縣大武鄉,5327.0,69.1454,77.04055512,星巴克,1,1.877
未涵蓋,臺東縣,太麻里鄉,臺東縣太麻里鄉,10375.0,96.6523,107.3435397,星巴克,0,0.0
未涵蓋,臺東縣,東河鄉,臺東縣東河鄉,7710.0,210.1908,36.68095844,星巴克,0,0.0
未涵蓋,臺東縣,長濱鄉,臺東縣長濱鄉,6469.0,155.1868,41.68524643,星巴克,0,0.0
未涵蓋,臺東縣,鹿野鄉,臺東縣鹿野鄉,6924.0,89.698,77.19235657,星巴克,0,0.0
未涵蓋,臺東縣,池上鄉,臺東縣池上鄉,7529.0,82.6854,91.05597844,星巴克,0,0.0
未涵蓋,臺東縣,綠島鄉,臺東縣綠島鄉,4327.0,15.0919,286.7100895,星巴克,0,0.0
未涵蓋,臺東縣,延平鄉,臺東縣延平鄉,3547.0,455.8805,7.780547753,星巴克,0,0.0
未涵蓋,臺東縣,海端鄉,臺東縣海端鄉,4317.0,880.0382,4.905468876,星巴克,0,0.0
未涵蓋,臺東縣,達仁鄉,臺東縣達仁鄉,3437.0,306.4454,11.21570107,星巴克,0,0.0
未涵蓋,臺東縣,金峰鄉,臺東縣金峰鄉,3682.0,380.6635,9.672584842,星巴克,0,0.0
未涵蓋,臺東縣,蘭嶼鄉,臺東縣蘭嶼鄉,5220.0,48.3892,107.875311,星巴克,0,0.0
未涵蓋,花蓮縣,花蓮市,花蓮縣花蓮市,96860.0,29.4095,3293.493599,星巴克,0,0.0
未涵蓋,花蓮縣,鳳林鎮,花蓮縣鳳林鎮,10136.0,120.5181,84.10354959,星巴克,0,0.0
未涵蓋,花蓮縣,玉里鎮,花蓮縣玉里鎮,21277.0,252.3719,84.3081183,星巴克,0,0.0
未涵蓋,花蓮縣,新城鄉,花蓮縣新城鄉,20492.0,29.4095,696.7816522,星巴克,0,0.0
未涵蓋,花蓮縣,吉安鄉,花蓮縣吉安鄉,83004.0,65.2582,1271.93211,星巴克,0,0.0
未涵蓋,花蓮縣,壽豐鄉,花蓮縣壽豐鄉,16628.0,218.4448,76.11991679,星巴克,0,0.0
未涵蓋,花蓮縣,光復鄉,花蓮縣光復鄉,11478.0,157.11,73.05709376,星巴克,0,0.0
未涵蓋,花蓮縣,豐濱鄉,花蓮縣豐濱鄉,4082.0,162.4332,25.1303305,星巴克,0,0.0
未涵蓋,花蓮縣,瑞穗鄉,花蓮縣瑞穗鄉,10388.0,135.5862,76.61546677,星巴克,0,0.0
未涵蓋,花蓮縣,富里鄉,花蓮縣富里鄉,9386.0,176.3705,53.21751653,星巴克,0,0.0
未涵蓋,花蓮縣,秀林鄉,花蓮縣秀林鄉,17178.0,1641.8555,10.46255289,星巴克,0,0.0
未涵蓋,花蓮縣,萬榮鄉,花蓮縣萬榮鄉,6047.0,618.491,9.777021816,星巴克,0,0.0
未涵蓋,花蓮縣,卓溪鄉,花蓮縣卓溪鄉,5851.0,1021.313,5.728899955,星巴克,0,0.0
南部,澎湖縣,馬公市,澎湖縣馬公市,63282.0,33.9918,1861.684289,星巴克,1,0.158
南部,澎湖縣,湖西鄉,澎湖縣湖西鄉,16131.0,33.3008,484.4027771,星巴克,0,0.0
南部,澎湖縣,白沙鄉,澎湖縣白沙鄉,10084.0,20.0875,502.0037337,星巴克,0,0.0
南部,澎湖縣,西嶼鄉,澎湖縣西嶼鄉,8039.0,18.7148,429.553081,星巴克,0,0.0
南部,澎湖縣,望安鄉,澎湖縣望安鄉,5266.0,13.7824,382.0814952,星巴克,0,0.0
南部,澎湖縣,七美鄉,澎湖縣七美鄉,3914.0,6.9868,560.1992328,星巴克,0,0.0
北部,基隆市,中正區,基隆市中正區,51542.0,10.2118,5047.298224,星巴克,1,0.194
北部,基隆市,七堵區,基隆市七堵區,52169.0,56.2659,927.1868041,星巴克,0,0.0
北部,基隆市,暖暖區,基隆市暖暖區,38462.0,22.8283,1684.838556,星巴克,0,0.0
北部,基隆市,仁愛區,基隆市仁愛區,39689.0,4.2335,9374.985237,星巴克,1,0.252
北部,基隆市,中山區,基隆市中山區,45556.0,10.5238,4328.854596,星巴克,0,0.0
北部,基隆市,安樂區,基隆市安樂區,79850.0,18.025,4429.958391,星巴克,1,0.125
北部,基隆市,信義區,基隆市信義區,52568.0,10.6706,4926.433378,星巴克,0,0.0
北部,新竹市,東區,新竹市東區,222219.0,33.5768,6618.230445,星巴克,13,0.585
北部,新竹市,北區,新竹市北區,153915.0,15.7267,9786.85929,星巴克,4,0.26
北部,新竹市,香山區,新竹市香山區,79606.0,54.8491,1451.363833,星巴克,0,0.0
南部,嘉義市,東區,嘉義市東區,116567.0,30.1556,3865.517516,星巴克,6,0.515
南部,嘉義市,西區,嘉義市西區,145025.0,29.87,4855.205892,星巴克,5,0.345
未涵蓋,金門縣,金城鎮,金門縣金城鎮,40998.0,21.713,1888.177589,星巴克,0,0.0
未涵蓋,金門縣,金湖鎮,金門縣金湖鎮,30545.0,41.696,732.5642748,星巴克,0,0.0
未涵蓋,金門縣,金沙鎮,金門縣金沙鎮,19840.0,41.19,481.6703083,星巴克,0,0.0
未涵蓋,金門縣,金寧鄉,金門縣金寧鄉,35287.0,29.854,1181.985664,星巴克,0,0.0
未涵蓋,金門縣,烈嶼鄉,金門縣烈嶼鄉,12050.0,16.003,752.9838155,星巴克,0,0.0
未涵蓋,金門縣,烏坵鄉,金門縣烏坵鄉,593.0,1.2,494.1666667,星巴克,0,0.0
未涵蓋,連江縣,南竿鄉,連江縣南竿鄉,7629.0,10.4,733.5576923,星巴克,0,0.0
未涵蓋,連江縣,北竿鄉,連江縣北竿鄉,2930.0,9.9,295.959596,星巴克,0,0.0
未涵蓋,連江縣,莒光鄉,連江縣莒光鄉,1537.0,4.7,327.0212766,星巴克,0,0.0
未涵蓋,連江縣,東引鄉,連江縣東引鄉,1525.0,3.8,401.3157895,星巴克,0,0.0
北部,新北市,板橋區,新北市板橋區,549762.0,23.1373,23760.85369,路易莎,12,0.218
北部,新北市,三重區,新北市三重區,382778.0,16.317,23458.8466,路易莎,6,0.157
北部,新北市,中和區,新北市中和區,403791.0,20.144,20045.22438,路易莎,7,0.173
北部,新北市,永和區,新北市永和區,211536.0,5.7138,37021.94687,路易莎,4,0.189
北部,新北市,新莊區,新北市新莊區,421239.0,19.7383,21341.1996,路易莎,8,0.19
北部,新北市,新店區,新北市新店區,306884.0,120.2255,2552.569962,路易莎,8,0.261
北部,新北市,樹林區,新北市樹林區,177412.0,33.1288,5355.219628,路易莎,2,0.113
北部,新北市,鶯歌區,新北市鶯歌區,89501.0,21.1248,4236.773839,路易莎,0,0.0
北部,新北市,三峽區,新北市三峽區,115009.0,191.4508,600.7235279,路易莎,1,0.087
北部,新北市,淡水區,新北市淡水區,208004.0,70.6565,2943.87636,路易莎,4,0.192
北部,新北市,汐止區,新北市汐止區,212758.0,71.2354,2986.689202,路易莎,2,0.094
北部,新北市,瑞芳區,新北市瑞芳區,35623.0,70.7336,503.622041,路易莎,1,0.281
北部,新北市,土城區,新北市土城區,242713.0,29.5578,8211.470407,路易莎,5,0.206
北部,新北市,蘆洲區,新北市蘆洲區,196371.0,7.4351,26411.34618,路易莎,0,0.0
北部,新北市,五股區,新北市五股區,94717.0,34.8632,2716.818881,路易莎,0,0.0
北部,新北市,泰山區,新北市泰山區,78083.0,19.1603,4075.249344,路易莎,2,0.256
北部,新北市,林口區,新北市林口區,138461.0,54.1519,2556.900127,路易莎,6,0.433
北部,新北市,深坑區,新北市深坑區,23639.0,20.5787,1148.712018,路易莎,1,0.423
北部,新北市,石碇區,新北市石碇區,6917.0,144.3498,47.91832064,路易莎,0,0.0
北部,新北市,坪林區,新北市坪林區,6163.0,170.835,36.0757456,路易莎,0,0.0
北部,新北市,三芝區,新北市三芝區,22061.0,65.9909,334.3036691,路易莎,0,0.0
北部,新北市,石門區,新北市石門區,9994.0,51.2645,194.9497215,路易莎,0,0.0
北部,新北市,八里區,新北市八里區,43495.0,39.4933,1101.326048,路易莎,0,0.0
北部,新北市,平溪區,新北市平溪區,3900.0,71.3382,54.66916743,路易莎,0,0.0
北部,新北市,雙溪區,新北市雙溪區,7442.0,146.2484,50.88602679,路易莎,0,0.0
北部,新北市,貢寮區,新北市貢寮區,10445.0,99.9734,104.4777911,路易莎,0,0.0
北部,新北市,金山區,新北市金山區,19725.0,49.2132,400.8071005,路易莎,1,0.507
北部,新北市,萬里區,新北市萬里區,20209.0,63.3766,318.871634,路易莎,0,0.0
北部,新北市,烏來區,新北市烏來區,6199.0,321.1306,19.30367271,路易莎,0,0.0
北部,臺北市,松山區,臺北市松山區,187318.0,9.2878,20168.17761,路易莎,6,0.32
北部,臺北市,信義區,臺北市信義區,201446.0,11.2077,17973.89295,路易莎,6,0.298
北部,臺北市,大安區,臺北市大安區,282328.0,11.3614,24849.75443,路易莎,19,0.673
北部,臺北市,中山區,臺北市中山區,212152.0,13.6821,15505.80686,路易莎,10,0.471
北部,臺北市,中正區,臺北市中正區,144109.0,7.6071,18944.01283,路易莎,10,0.694
北部,臺北市,大同區,臺北市大同區,116618.0,5.6815,20525.91745,路易莎,4,0.343
北部,臺北市,萬華區,臺北市萬華區,168675.0,8.8522,19054.5853,路易莎,4,0.237
北部,臺北市,文山區,臺北市文山區,253822.0,31.509,8055.539687,路易莎,4,0.158
北部,臺北市,南港區,臺北市南港區,111239.0,21.8424,5092.801157,路易莎,5,0.449
北部,臺北市,內湖區,臺北市內湖區,267959.0,31.5787,8485.434803,路易莎,7,0.261
北部,臺北市,士林區,臺北市士林區,258163.0,62.3682,4139.337034,路易莎,8,0.31
北部,臺北市,北投區,臺北市北投區,235678.0,56.8216,4147.683275,路易莎,3,0.127
北部,桃園市,桃園區,桃園市桃園區,478487.0,34.8046,13747.8092,路易莎,11,0.23
北部,桃園市,中壢區,桃園市中壢區,439213.0,76.52,5739.845792,路易莎,8,0.182
北部,桃園市,大溪區,桃園市大溪區,93799.0,105.1206,892.2989405,路易莎,1,0.107
北部,桃園市,楊梅區,桃園市楊梅區,182837.0,89.1229,2051.515379,路易莎,3,0.164
北部,桃園市,蘆竹區,桃園市蘆竹區,170556.0,75.5025,2258.945068,路易莎,1,0.059
北部,桃園市,大園區,桃園市大園區,89713.0,87.3925,1026.552622,路易莎,0,0.0
北部,桃園市,龜山區,桃園市龜山區,188328.0,72.0177,2615.023807,路易莎,5,0.265
北部,桃園市,八德區,桃園市八德區,216058.0,33.7111,6409.105606,路易莎,6,0.278
北部,桃園市,龍潭區,桃園市龍潭區,127360.0,75.2341,1692.849386,路易莎,1,0.079
北部,桃園市,平鎮區,桃園市平鎮區,228210.0,47.7532,4778.946751,路易莎,1,0.044
北部,桃園市,新屋區,桃園市新屋區,49723.0,85.0166,584.8622504,路易莎,0,0.0
北部,桃園市,觀音區,桃園市觀音區,77526.0,87.9807,881.1705294,路易莎,0,0.0
北部,桃園市,復興區,桃園市復興區,13296.0,350.7775,37.90436958,路易莎,0,0.0
中部,臺中市,中區,臺中市中區,18029.0,0.8803,20480.51801,路易莎,0,0.0
中部,臺中市,東區,臺中市東區,77745.0,9.2855,8372.731678,路易莎,0,0.0
中部,臺中市,南區,臺中市南區,128309.0,6.8101,18840.98618,路易莎,1,0.078
中部,臺中市,西區,臺中市西區,113288.0,5.7042,19860.4537,路易莎,7,0.618
中部,臺中市,北區,臺中市北區,143537.0,6.9376,20689.71979,路易莎,7,0.488
中部,臺中市,西屯區,臺中市西屯區,238052.0,39.8467,5974.196107,路易莎,6,0.252
中部,臺中市,南屯區,臺中市南屯區,186105.0,31.2578,5953.873913,路易莎,6,0.322
中部,臺中市,北屯區,臺中市北屯區,317182.0,62.7034,5058.449781,路易莎,5,0.158
中部,臺中市,豐原區,臺中市豐原區,161771.0,41.1845,3927.958334,路易莎,1,0.062
中部,臺中市,東勢區,臺中市東勢區,46488.0,117.4065,395.9576344,路易莎,0,0.0
中部,臺中市,大甲區,臺中市大甲區,73108.0,58.5192,1249.299375,路易莎,1,0.137
中部,臺中市,清水區,臺中市清水區,90640.0,64.1709,1412.478242,路易莎,0,0.0
中部,臺中市,沙鹿區,臺中市沙鹿區,101419.0,40.4604,2506.623761,路易莎,1,0.099
中部,臺中市,梧棲區,臺中市梧棲區,65685.0,16.6049,3955.760047,路易莎,0,0.0
中部,臺中市,后里區,臺中市后里區,52754.0,58.9439,894.9865889,路易莎,0,0.0
中部,臺中市,神岡區,臺中市神岡區,63271.0,35.0445,1805.44736,路易莎,0,0.0
中部,臺中市,潭子區,臺中市潭子區,109314.0,25.8497,4228.830509,路易莎,1,0.091
中部,臺中市,大雅區,臺中市大雅區,94741.0,32.4109,2923.121542,路易莎,1,0.106
中部,臺中市,新社區,臺中市新社區,22579.0,68.8874,327.7667614,路易莎,0,0.0
中部,臺中市,石岡區,臺中市石岡區,13668.0,18.2105,750.5559979,路易莎,0,0.0
中部,臺中市,外埔區,臺中市外埔區,30823.0,42.4099,726.7878491,路易莎,0,0.0
中部,臺中市,大安區,臺中市大安區,17487.0,27.4045,638.1068803,路易莎,0,0.0
中部,臺中市,烏日區,臺中市烏日區,82248.0,43.4032,1894.975486,路易莎,1,0.122
中部,臺中市,大肚區,臺中市大肚區,55255.0,37.0024,1493.281517,路易莎,0,0.0
中部,臺中市,龍井區,臺中市龍井區,79241.0,38.0377,2083.222697,路易莎,0,0.0
中部,臺中市,霧峰區,臺中市霧峰區,62627.0,98.0779,638.5434435,路易莎,0,0.0
中部,臺中市,太平區,臺中市太平區,201536.0,120.7473,1669.072518,路易莎,0,0.0
中部,臺中市,大里區,臺中市大里區,211094.0,28.8758,7310.412179,路易莎,1,0.047
中部,臺中市,和平區,臺中市和平區,10469.0,1037.8192,10.08749886,路易莎,0,0.0
南部,臺南市,新營區,臺南市新營區,74493.0,38.5386,1932.945151,路易莎,1,0.134
南部,臺南市,鹽水區,臺南市鹽水區,23635.0,52.2455,452.3834589,路易莎,0,0.0
南部,臺南市,白河區,臺南市白河區,24948.0,126.4046,197.3662351,路易莎,0,0.0
南部,臺南市,柳營區,臺南市柳營區,19831.0,61.2929,323.5448151,路易莎,0,0.0
南部,臺南市,後壁區,臺南市後壁區,20840.0,72.2189,288.5671202,路易莎,0,0.0
南部,臺南市,東山區,臺南市東山區,18490.0,124.9178,148.0173362,路易莎,0,0.0
南部,臺南市,麻豆區,臺南市麻豆區,42873.0,53.9744,794.3210114,路易莎,0,0.0
南部,臺南市,下營區,臺南市下營區,21742.0,33.5291,648.4516435,路易莎,0,0.0
南部,臺南市,六甲區,臺南市六甲區,20880.0,67.5471,309.1176379,路易莎,0,0.0
南部,臺南市,官田區,臺南市官田區,20527.0,70.7953,289.9486265,路易莎,0,0.0
南部,臺南市,大內區,臺南市大內區,8427.0,70.3125,119.8506667,路易莎,0,0.0
南部,臺南市,佳里區,臺南市佳里區,58328.0,38.9422,1497.809574,路易莎,0,0.0
南部,臺南市,學甲區,臺南市學甲區,24365.0,53.9919,451.2713944,路易莎,0,0.0
南部,臺南市,西港區,臺南市西港區,24811.0,33.7666,734.7793382,路易莎,0,0.0
南部,臺南市,七股區,臺南市七股區,20493.0,110.1492,186.0476517,路易莎,0,0.0
南部,臺南市,將軍區,臺南市將軍區,17598.0,41.9796,419.2036132,路易莎,0,0.0
南部,臺南市,北門區,臺南市北門區,9436.0,44.1003,213.9667984,路易莎,0,0.0
南部,臺南市,新化區,臺南市新化區,41932.0,62.0579,675.6915719,路易莎,0,0.0
南部,臺南市,善化區,臺南市善化區,53888.0,55.3097,974.295648,路易莎,1,0.186
南部,臺南市,新市區,臺南市新市區,38279.0,47.8096,800.6550986,路易莎,1,0.261
南部,臺南市,安定區,臺南市安定區,29783.0,31.27,952.4464343,路易莎,0,0.0
南部,臺南市,山上區,臺南市山上區,6796.0,27.878,243.7764546,路易莎,0,0.0
南部,臺南市,玉井區,臺南市玉井區,12674.0,76.3662,165.963476,路易莎,0,0.0
南部,臺南市,楠西區,臺南市楠西區,8392.0,109.6316,76.54727287,路易莎,0,0.0
南部,臺南市,南化區,臺南市南化區,7606.0,171.5198,44.34473454,路易莎,0,0.0
南部,臺南市,左鎮區,臺南市左鎮區,4095.0,74.9025,54.67107239,路易莎,0,0.0
南部,臺南市,仁德區,臺南市仁德區,77496.0,50.7664,1526.521479,路易莎,0,0.0
南部,臺南市,歸仁區,臺南市歸仁區,70574.0,55.7913,1264.964251,路易莎,1,0.142
南部,臺南市,關廟區,臺南市關廟區,33198.0,53.6413,618.888804,路易莎,0,0.0
南部,臺南市,龍崎區,臺南市龍崎區,3234.0,64.0814,50.46706221,路易莎,0,0.0
南部,臺南市,永康區,臺南市永康區,235805.0,40.2753,5854.829138,路易莎,2,0.085
南部,臺南市,東區,臺南市東區,180856.0,13.4156,13481.02209,路易莎,3,0.166
南部,臺南市,南區,臺南市南區,119121.0,27.2681,4368.511191,路易莎,0,0.0
南部,臺南市,北區,臺南市北區,125439.0,10.434,12022.13916,路易莎,2,0.159
南部,臺南市,安南區,臺南市安南區,204534.0,107.2016,1907.937941,路易莎,1,0.049
南部,臺南市,安平區,臺南市安平區,71256.0,11.0663,6439.008521,路易莎,0,0.0
南部,臺南市,中西區,臺南市中西區,75802.0,6.26,12108.94569,路易莎,5,0.66
南部,高雄市,鹽埕區,高雄市鹽埕區,21871.0,1.4161,15444.53075,路易莎,0,0.0
南部,高雄市,鼓山區,高雄市鼓山區,140791.0,14.7523,9543.664378,路易莎,3,0.213
南部,高雄市,左營區,高雄市左營區,197621.0,19.3823,10195.95198,路易莎,2,0.101
南部,高雄市,楠梓區,高雄市楠梓區,195613.0,25.8276,7573.797023,路易莎,1,0.051
南部,高雄市,三民區,高雄市三民區,328827.0,19.7866,16618.67122,路易莎,4,0.122
南部,高雄市,新興區,高雄市新興區,49380.0,1.9764,24984.82089,路易莎,1,0.203
南部,高雄市,前金區,高雄市前金區,27670.0,1.8573,14897.97017,路易莎,0,0.0
南部,高雄市,苓雅區,高雄市苓雅區,161185.0,8.1522,19771.9634,路易莎,0,0.0
南部,高雄市,前鎮區,高雄市前鎮區,176845.0,19.1207,9248.876872,路易莎,1,0.057
南部,高雄市,旗津區,高雄市旗津區,24906.0,1.7341,14362.49351,路易莎,0,0.0
南部,高雄市,小港區,高雄市小港區,153310.0,45.4426,3373.70661,路易莎,1,0.065
南部,高雄市,鳳山區,高雄市鳳山區,353000.0,26.759,13191.82331,路易莎,1,0.028
南部,高雄市,林園區,高雄市林園區,67341.0,32.286,2085.764728,路易莎,0,0.0
南部,高雄市,大寮區,高雄市大寮區,112239.0,71.04,1579.940878,路易莎,0,0.0
南部,高雄市,大樹區,高雄市大樹區,39906.0,66.9811,595.7800036,路易莎,0,0.0
南部,高雄市,大社區,高雄市大社區,33741.0,26.5848,1269.183895,路易莎,0,0.0
南部,高雄市,仁武區,高雄市仁武區,100311.0,36.0808,2780.176714,路易莎,1,0.1
南部,高雄市,鳥松區,高雄市鳥松區,43703.0,24.5927,1777.072058,路易莎,0,0.0
南部,高雄市,岡山區,高雄市岡山區,94624.0,47.9421,1973.714126,路易莎,1,0.106
南部,高雄市,橋頭區,高雄市橋頭區,43341.0,25.9379,1670.952544,路易莎,0,0.0
南部,高雄市,燕巢區,高雄市燕巢區,28348.0,65.395,433.4887988,路易莎,0,0.0
南部,高雄市,田寮區,高雄市田寮區,6125.0,92.6802,66.08747068,路易莎,0,0.0
南部,高雄市,阿蓮區,高雄市阿蓮區,26785.0,34.6164,773.7661917,路易莎,0,0.0
南部,高雄市,路竹區,高雄市路竹區,48906.0,48.4348,1009.728542,路易莎,0,0.0
南部,高雄市,湖內區,高雄市湖內區,29295.0,20.1615,1453.016889,路易莎,0,0.0
南部,高雄市,茄萣區,高雄市茄萣區,28732.0,15.7624,1822.81886,路易莎,0,0.0
南部,高雄市,永安區,高雄市永安區,13510.0,22.6141,597.4148872,路易莎,0,0.0
南部,高雄市,彌陀區,高雄市彌陀區,17715.0,14.7772,1198.806269,路易莎,0,0.0
南部,高雄市,梓官區,高雄市梓官區,34701.0,11.5967,2992.31678,路易莎,0,0.0
南部,高雄市,旗山區,高雄市旗山區,33368.0,94.6122,352.6817895,路易莎,0,0.0
南部,高雄市,美濃區,高雄市美濃區,36074.0,120.0316,300.5375251,路易莎,0,0.0
南部,高雄市,六龜區,高雄市六龜區,11286.0,194.1584,58.12779669,路易莎,0,0.0
南部,高雄市,甲仙區,高雄市甲仙區,5279.0,124.034,42.56091072,路易莎,0,0.0
南部,高雄市,杉林區,高雄市杉林區,10569.0,104.0036,101.6214823,路易莎,0,0.0
南部,高雄市,內門區,高雄市內門區,12519.0,95.6224,130.9212067,路易莎,0,0.0
南部,高雄市,茂林區,高雄市茂林區,1846.0,194.0,9.515463918,路易莎,0,0.0
南部,高雄市,桃源區,高雄市桃源區,4151.0,928.98,4.468341622,路易莎,0,0.0
南部,高雄市,那瑪夏區,高雄市那瑪夏區,3111.0,252.9895,12.29695304,路易莎,0,0.0
北部,宜蘭縣,宜蘭市,宜蘭縣宜蘭市,94561.0,29.408,3215.485582,路易莎,0,0.0
北部,宜蘭縣,羅東鎮,宜蘭縣羅東鎮,68960.0,11.3448,6078.555814,路易莎,0,0.0
北部,宜蘭縣,蘇澳鎮,宜蘭縣蘇澳鎮,36413.0,89.0196,409.0447497,路易莎,0,0.0
北部,宜蘭縣,頭城鎮,宜蘭縣頭城鎮,27868.0,100.893,276.2134142,路易莎,0,0.0
北部,宜蘭縣,礁溪鄉,宜蘭縣礁溪鄉,36629.0,101.4278,361.1337326,路易莎,1,0.273
北部,宜蘭縣,壯圍鄉,宜蘭縣壯圍鄉,24479.0,38.4769,636.1999018,路易莎,0,0.0
北部,宜蘭縣,員山鄉,宜蘭縣員山鄉,32226.0,111.9106,287.9619982,路易莎,0,0.0
北部,宜蘭縣,冬山鄉,宜蘭縣冬山鄉,52938.0,79.8573,662.9074612,路易莎,0,0.0
北部,宜蘭縣,五結鄉,宜蘭縣五結鄉,41737.0,38.8671,1073.838799,路易莎,0,0.0
北部,宜蘭縣,三星鄉,宜蘭縣三星鄉,21356.0,144.2238,148.0754217,路易莎,0,0.0
北部,宜蘭縣,大同鄉,宜蘭縣大同鄉,5998.0,657.5442,9.121820252,路易莎,0,0.0
北部,宜蘭縣,南澳鄉,宜蘭縣南澳鄉,6171.0,740.652,8.331848155,路易莎,0,0.0
北部,新竹縣,竹北市,新竹縣竹北市,220973.0,46.8341,4718.20746,路易莎,7,0.317
北部,新竹縣,關西鎮,新竹縣關西鎮,26011.0,125.5193,207.2270958,路易莎,0,0.0
北部,新竹縣,新埔鎮,新竹縣新埔鎮,33561.0,72.1911,464.8911015,路易莎,0,0.0
北部,新竹縣,竹東鎮,新竹縣竹東鎮,97894.0,53.5133,1829.339622,路易莎,2,0.204
北部,新竹縣,湖口鄉,新竹縣湖口鄉,84963.0,58.4303,1454.091456,路易莎,0,0.0
北部,新竹縣,橫山鄉,新竹縣橫山鄉,11901.0,66.3502,179.3664526,路易莎,0,0.0
北部,新竹縣,新豐鄉,新竹縣新豐鄉,59839.0,46.3496,1291.035953,路易莎,1,0.167
北部,新竹縣,芎林鄉,新竹縣芎林鄉,20385.0,40.7858,499.8063051,路易莎,0,0.0
北部,新竹縣,寶山鄉,新竹縣寶山鄉,14588.0,64.7871,225.168282,路易莎,0,0.0
北部,新竹縣,北埔鄉,新竹縣北埔鄉,8289.0,50.6676,163.5956706,路易莎,0,0.0
北部,新竹縣,峨眉鄉,新竹縣峨眉鄉,4970.0,46.801,106.1943121,路易莎,0,0.0
北部,新竹縣,尖石鄉,新竹縣尖石鄉,9464.0,527.5795,17.9385287,路易莎,0,0.0
北部,新竹縣,五峰鄉,新竹縣五峰鄉,4397.0,227.728,19.30812197,路易莎,0,0.0
中部,苗栗縣,苗栗市,苗栗縣苗栗市,85838.0,37.8878,2265.584172,路易莎,0,0.0
中部,苗栗縣,頭份市,苗栗縣頭份市,108231.0,53.3205,2029.819675,路易莎,1,0.092
中部,苗栗縣,苑裡鎮,苗栗縣苑裡鎮,43237.0,68.2473,633.5342204,路易莎,0,0.0
中部,苗栗縣,通霄鎮,苗栗縣通霄鎮,30618.0,107.8486,283.8979829,路易莎,0,0.0
中部,苗栗縣,竹南鎮,苗栗縣竹南鎮,91538.0,37.5592,2437.165861,路易莎,0,0.0
中部,苗栗縣,後龍鎮,苗栗縣後龍鎮,33531.0,75.8079,442.3153787,路易莎,0,0.0
中部,苗栗縣,卓蘭鎮,苗栗縣卓蘭鎮,14483.0,76.3153,189.7784586,路易莎,0,0.0
中部,苗栗縣,大湖鄉,苗栗縣大湖鄉,12310.0,90.8396,135.5135866,路易莎,0,0.0
中部,苗栗縣,公館鄉,苗栗縣公館鄉,30461.0,71.4523,426.312379,路易莎,0,0.0
中部,苗栗縣,銅鑼鄉,苗栗縣銅鑼鄉,16079.0,78.3805,205.1403091,路易莎,0,0.0
中部,苗栗縣,南庄鄉,苗栗縣南庄鄉,8576.0,165.4938,51.82067244,路易莎,0,0.0
中部,苗栗縣,頭屋鄉,苗栗縣頭屋鄉,9354.0,52.5046,178.1558187,路易莎,0,0.0
中部,苗栗縣,三義鄉,苗栗縣三義鄉,14485.0,69.3424,208.8909527,路易莎,0,0.0
中部,苗栗縣,西湖鄉,苗栗縣西湖鄉,5875.0,41.0758,143.0282551,路易莎,0,0.0
中部,苗栗縣,造橋鄉,苗栗縣造橋鄉,11548.0,47.9978,240.5943606,路易莎,0,0.0
中部,苗栗縣,三灣鄉,苗栗縣三灣鄉,5664.0,52.2964,108.3057342,路易莎,0,0.0
中部,苗栗縣,獅潭鄉,苗栗縣獅潭鄉,3943.0,79.4324,49.63969363,路易莎,0,0.0
中部,苗栗縣,泰安鄉,苗栗縣泰安鄉,5401.0,614.5127,8.789077915,路易莎,0,0.0
中部,彰化縣,彰化市,彰化縣彰化市,220487.0,65.6947,3356.237261,路易莎,0,0.0
中部,彰化縣,員林市,彰化縣員林市,122148.0,40.038,3050.801738,路易莎,1,0.082
中部,彰化縣,鹿港鎮,彰化縣鹿港鎮,82212.0,39.4625,2083.294267,路易莎,1,0.122
中部,彰化縣,和美鎮,彰化縣和美鎮,86635.0,39.9345,2169.427437,路易莎,0,0.0
中部,彰化縣,北斗鎮,彰化縣北斗鎮,33099.0,19.2547,1719.008865,路易莎,0,0.0
中部,彰化縣,溪湖鎮,彰化縣溪湖鎮,52832.0,32.0592,1647.95129,路易莎,2,0.379
中部,彰化縣,田中鎮,彰化縣田中鎮,38273.0,34.6056,1105.977067,路易莎,0,0.0
中部,彰化縣,二林鎮,彰化縣二林鎮,46419.0,92.8478,499.9472255,路易莎,0,0.0
中部,彰化縣,線西鄉,彰化縣線西鄉,16014.0,18.0856,885.4558323,路易莎,0,0.0
中部,彰化縣,伸港鄉,彰化縣伸港鄉,38146.0,22.3268,1708.529659,路易莎,0,0.0
中部,彰化縣,福興鄉,彰化縣福興鄉,44284.0,49.8934,887.5723042,路易莎,0,0.0
中部,彰化縣,秀水鄉,彰化縣秀水鄉,37356.0,29.3447,1273.00671,路易莎,0,0.0
中部,彰化縣,花壇鄉,彰化縣花壇鄉,42816.0,36.3469,1177.982166,路易莎,0,0.0
中部,彰化縣,芬園鄉,彰化縣芬園鄉,21334.0,38.0204,561.1198199,路易莎,0,0.0
中部,彰化縣,大村鄉,彰化縣大村鄉,38919.0,30.7837,1264.272976,路易莎,0,0.0
中部,彰化縣,埔鹽鄉,彰化縣埔鹽鄉,30041.0,38.6081,778.1009684,路易莎,0,0.0
中部,彰化縣,埔心鄉,彰化縣埔心鄉,33082.0,20.9526,1578.89713,路易莎,0,0.0
中部,彰化縣,永靖鄉,彰化縣永靖鄉,34177.0,20.6382,1656.006822,路易莎,0,0.0
中部,彰化縣,社頭鄉,彰化縣社頭鄉,40272.0,36.1449,1114.182084,路易莎,0,0.0
中部,彰化縣,二水鄉,彰化縣二水鄉,13220.0,29.4449,448.9741857,路易莎,0,0.0
中部,彰化縣,田尾鄉,彰化縣田尾鄉,25251.0,24.0375,1050.483619,路易莎,0,0.0
中部,彰化縣,埤頭鄉,彰化縣埤頭鄉,27997.0,42.7508,654.8883296,路易莎,0,0.0
中部,彰化縣,芳苑鄉,彰化縣芳苑鄉,29880.0,91.3827,326.9765503,路易莎,0,0.0
中部,彰化縣,大城鄉,彰化縣大城鄉,14146.0,63.7406,221.9307631,路易莎,0,0.0
中部,彰化縣,竹塘鄉,彰化縣竹塘鄉,13918.0,42.1662,330.0747992,路易莎,0,0.0
中部,彰化縣,溪州鄉,彰化縣溪州鄉,27248.0,75.831,359.3253419,路易莎,0,0.0
中部,南投縣,南投市,南投縣南投市,96229.0,71.6021,1343.94103,路易莎,0,0.0
中部,南投縣,埔里鎮,南投縣埔里鎮,75613.0,162.2227,466.1061615,路易莎,0,0.0
中部,南投縣,草屯鎮,南投縣草屯鎮,97724.0,104.0327,939.3584902,路易莎,0,0.0
中部,南投縣,竹山鎮,南投縣竹山鎮,49905.0,247.3339,201.7717749,路易莎,0,0.0
中部,南投縣,集集鎮,南投縣集集鎮,9882.0,49.7268,198.725838,路易莎,0,0.0
中部,南投縣,名間鄉,南投縣名間鄉,34557.0,83.0955,415.8708955,路易莎,0,0.0
中部,南投縣,鹿谷鄉,南投縣鹿谷鄉,15454.0,141.8981,108.9091397,路易莎,0,0.0
中部,南投縣,中寮鄉,南投縣中寮鄉,12825.0,146.6541,87.45067475,路易莎,0,0.0
中部,南投縣,魚池鄉,南投縣魚池鄉,14098.0,121.3735,116.1538557,路易莎,0,0.0
中部,南投縣,國姓鄉,南投縣國姓鄉,15963.0,175.7042,90.8515562,路易莎,0,0.0
中部,南投縣,水里鄉,南投縣水里鄉,15452.0,106.8424,144.6242316,路易莎,0,0.0
中部,南投縣,信義鄉,南投縣信義鄉,14886.0,1422.4188,10.46527225,路易莎,0,0.0
中部,南投縣,仁愛鄉,南投縣仁愛鄉,15293.0,1273.5312,12.00834342,路易莎,0,0.0
中部,雲林縣,斗六市,雲林縣斗六市,109030.0,93.7151,1163.419769,路易莎,1,0.092
中部,雲林縣,斗南鎮,雲林縣斗南鎮,43322.0,48.1505,899.7206675,路易莎,0,0.0
中部,雲林縣,虎尾鎮,雲林縣虎尾鎮,71349.0,68.742,1037.924413,路易莎,2,0.28
中部,雲林縣,西螺鎮,雲林縣西螺鎮,43975.0,49.7985,883.0587267,路易莎,0,0.0
中部,雲林縣,土庫鎮,雲林縣土庫鎮,27234.0,49.0212,555.5555556,路易莎,0,0.0
中部,雲林縣,北港鎮,雲林縣北港鎮,37053.0,41.4999,892.8455249,路易莎,1,0.27
中部,雲林縣,古坑鄉,雲林縣古坑鄉,29193.0,166.6059,175.2218859,路易莎,0,0.0
中部,雲林縣,大埤鄉,雲林縣大埤鄉,17521.0,44.9973,389.3789183,路易莎,0,0.0
中部,雲林縣,莿桐鄉,雲林縣莿桐鄉,27201.0,50.8502,534.9241498,路易莎,0,0.0
中部,雲林縣,林內鄉,雲林縣林內鄉,16285.0,37.6035,433.0713896,路易莎,0,0.0
中部,雲林縣,二崙鄉,雲林縣二崙鄉,24165.0,59.5625,405.7082896,路易莎,0,0.0
中部,雲林縣,崙背鄉,雲林縣崙背鄉,22255.0,58.484,380.5314274,路易莎,0,0.0
中部,雲林縣,麥寮鄉,雲林縣麥寮鄉,48815.0,80.1668,608.9179062,路易莎,1,0.205
中部,雲林縣,東勢鄉,雲林縣東勢鄉,12885.0,48.3562,266.4601437,路易莎,0,0.0
中部,雲林縣,褒忠鄉,雲林縣褒忠鄉,11490.0,37.0552,310.0779378,路易莎,0,0.0
中部,雲林縣,臺西鄉,雲林縣臺西鄉,20778.0,54.0983,384.0786125,路易莎,0,0.0
中部,雲林縣,元長鄉,雲林縣元長鄉,22478.0,71.5872,313.9946806,路易莎,0,0.0
中部,雲林縣,四湖鄉,雲林縣四湖鄉,20210.0,77.1189,262.0628666,路易莎,0,0.0
中部,雲林縣,口湖鄉,雲林縣口湖鄉,23945.0,80.4612,297.5968541,路易莎,0,0.0
中部,雲林縣,水林鄉,雲林縣水林鄉,21805.0,72.9582,298.8697638,路易莎,0,0.0
南部,嘉義縣,太保市,嘉義縣太保市,39923.0,66.8964,596.7884669,路易莎,0,0.0
南部,嘉義縣,朴子市,嘉義縣朴子市,39950.0,49.5737,805.8708549,路易莎,0,0.0
南部,嘉義縣,布袋鎮,嘉義縣布袋鎮,23589.0,61.7307,382.1275314,路易莎,0,0.0
南部,嘉義縣,大林鎮,嘉義縣大林鎮,29542.0,64.1663,460.397436,路易莎,0,0.0
南部,嘉義縣,民雄鄉,嘉義縣民雄鄉,69716.0,85.4969,815.4213779,路易莎,2,0.287
南部,嘉義縣,溪口鄉,嘉義縣溪口鄉,12604.0,33.0463,381.4042722,路易莎,0,0.0
南部,嘉義縣,新港鄉,嘉義縣新港鄉,29006.0,66.0495,439.1554819,路易莎,0,0.0
南部,嘉義縣,六腳鄉,嘉義縣六腳鄉,20044.0,62.2619,321.9304262,路易莎,0,0.0
南部,嘉義縣,東石鄉,嘉義縣東石鄉,21671.0,81.5821,265.6342507,路易莎,0,0.0
南部,嘉義縣,義竹鄉,嘉義縣義竹鄉,15829.0,79.2925,199.6279598,路易莎,0,0.0
南部,嘉義縣,鹿草鄉,嘉義縣鹿草鄉,13460.0,54.3151,247.8132232,路易莎,0,0.0
南部,嘉義縣,水上鄉,嘉義縣水上鄉,46932.0,69.1198,678.9950202,路易莎,0,0.0
南部,嘉義縣,中埔鄉,嘉義縣中埔鄉,41673.0,129.5016,321.795252,路易莎,0,0.0
南部,嘉義縣,竹崎鄉,嘉義縣竹崎鄉,32160.0,162.2256,198.2424476,路易莎,0,0.0
南部,嘉義縣,梅山鄉,嘉義縣梅山鄉,17177.0,119.7571,143.4319969,路易莎,0,0.0
南部,嘉義縣,番路鄉,嘉義縣番路鄉,10582.0,117.5269,90.03896129,路易莎,1,0.945
南部,嘉義縣,大埔鄉,嘉義縣大埔鄉,4160.0,173.2472,24.01193208,路易莎,0,0.0
南部,嘉義縣,阿里山鄉,嘉義縣阿里山鄉,5163.0,427.8471,12.0673951,路易莎,0,0.0
南部,屏東縣,屏東市,屏東縣屏東市,191466.0,65.067,2942.59763,路易莎,0,0.0
南部,屏東縣,潮州鎮,屏東縣潮州鎮,53723.0,42.4331,1266.063521,路易莎,0,0.0
南部,屏東縣,東港鎮,屏東縣東港鎮,45879.0,29.4635,1557.146978,路易莎,0,0.0
南部,屏東縣,恆春鎮,屏東縣恆春鎮,28770.0,136.763,210.3639142,路易莎,0,0.0
南部,屏東縣,萬丹鄉,屏東縣萬丹鄉,48586.0,57.4679,845.4458924,路易莎,0,0.0
南部,屏東縣,長治鄉,屏東縣長治鄉,29192.0,39.8861,731.8840398,路易莎,0,0.0
南部,屏東縣,麟洛鄉,屏東縣麟洛鄉,10406.0,16.26,639.9753998,路易莎,0,0.0
南部,屏東縣,九如鄉,屏東縣九如鄉,21420.0,42.0187,509.7730296,路易莎,0,0.0
南部,屏東縣,里港鄉,屏東縣里港鄉,24948.0,68.9208,361.9807083,路易莎,0,0.0
南部,屏東縣,鹽埔鄉,屏東縣鹽埔鄉,23106.0,64.3493,359.0715051,路易莎,0,0.0
南部,屏東縣,高樹鄉,屏東縣高樹鄉,21935.0,90.1522,243.3107567,路易莎,0,0.0
南部,屏東縣,萬巒鄉,屏東縣萬巒鄉,18654.0,60.7315,307.1552654,路易莎,0,0.0
南部,屏東縣,內埔鄉,屏東縣內埔鄉,52760.0,81.8554,644.5512452,路易莎,0,0.0
南部,屏東縣,竹田鄉,屏東縣竹田鄉,15363.0,29.0732,528.4248036,路易莎,0,0.0
南部,屏東縣,新埤鄉,屏東縣新埤鄉,8983.0,59.0102,152.2279199,路易莎,0,0.0
南部,屏東縣,枋寮鄉,屏東縣枋寮鄉,22321.0,57.7347,386.6132499,路易莎,0,0.0
南部,屏東縣,新園鄉,屏東縣新園鄉,31703.0,38.3109,827.5190612,路易莎,0,0.0
南部,屏東縣,崁頂鄉,屏東縣崁頂鄉,14459.0,31.2659,462.4527041,路易莎,0,0.0
南部,屏東縣,林邊鄉,屏東縣林邊鄉,15821.0,15.6233,1012.654177,路易莎,0,0.0
南部,屏東縣,南州鄉,屏東縣南州鄉,9600.0,18.97,506.0622035,路易莎,0,0.0
南部,屏東縣,佳冬鄉,屏東縣佳冬鄉,17323.0,30.9842,559.0914079,路易莎,0,0.0
南部,屏東縣,琉球鄉,屏東縣琉球鄉,12076.0,6.8018,1775.412391,路易莎,0,0.0
南部,屏東縣,車城鄉,屏東縣車城鄉,7694.0,49.8517,154.3377658,路易莎,0,0.0
南部,屏東縣,滿州鄉,屏東縣滿州鄉,6927.0,142.2013,48.71263484,路易莎,0,0.0
南部,屏東縣,枋山鄉,屏東縣枋山鄉,4905.0,17.2697,284.0234631,路易莎,0,0.0
南部,屏東縣,三地門鄉,屏東縣三地門鄉,7598.0,196.3965,38.68704381,路易莎,0,0.0
南部,屏東縣,霧臺鄉,屏東縣霧臺鄉,3166.0,278.796,11.35597354,路易莎,0,0.0
南部,屏東縣,瑪家鄉,屏東縣瑪家鄉,6647.0,78.7008,84.45911604,路易莎,0,0.0
南部,屏東縣,泰武鄉,屏東縣泰武鄉,5190.0,118.6266,43.75072707,路易莎,0,0.0
南部,屏東縣,來義鄉,屏東縣來義鄉,7282.0,167.7756,43.40321239,路易莎,0,0.0
南部,屏東縣,春日鄉,屏東縣春日鄉,4857.0,160.001,30.35606027,路易莎,0,0.0
南部,屏東縣,獅子鄉,屏東縣獅子鄉,4825.0,301.0018,16.02980447,路易莎,0,0.0
南部,屏東縣,牡丹鄉,屏東縣牡丹鄉,4671.0,181.8366,25.68789782,路易莎,0,0.0
未涵蓋,臺東縣,臺東市,臺東縣臺東市,102681.0,109.7691,935.4271831,路易莎,0,0.0
未涵蓋,臺東縣,成功鎮,臺東縣成功鎮,12754.0,143.9939,88.5731965,路易莎,0,0.0
未涵蓋,臺東縣,關山鎮,臺東縣關山鎮,7757.0,58.7351,132.0675371,路易莎,0,0.0
未涵蓋,臺東縣,卑南鄉,臺東縣卑南鄉,16264.0,412.6871,39.41000337,路易莎,0,0.0
未涵蓋,臺東縣,大武鄉,臺東縣大武鄉,5327.0,69.1454,77.04055512,路易莎,0,0.0
未涵蓋,臺東縣,太麻里鄉,臺東縣太麻里鄉,10375.0,96.6523,107.3435397,路易莎,0,0.0
未涵蓋,臺東縣,東河鄉,臺東縣東河鄉,7710.0,210.1908,36.68095844,路易莎,0,0.0
未涵蓋,臺東縣,長濱鄉,臺東縣長濱鄉,6469.0,155.1868,41.68524643,路易莎,0,0.0
未涵蓋,臺東縣,鹿野鄉,臺東縣鹿野鄉,6924.0,89.698,77.19235657,路易莎,0,0.0
未涵蓋,臺東縣,池上鄉,臺東縣池上鄉,7529.0,82.6854,91.05597844,路易莎,0,0.0
未涵蓋,臺東縣,綠島鄉,臺東縣綠島鄉,4327.0,15.0919,286.7100895,路易莎,0,0.0
未涵蓋,臺東縣,延平鄉,臺東縣延平鄉,3547.0,455.8805,7.780547753,路易莎,0,0.0
未涵蓋,臺東縣,海端鄉,臺東縣海端鄉,4317.0,880.0382,4.905468876,路易莎,0,0.0
未涵蓋,臺東縣,達仁鄉,臺東縣達仁鄉,3437.0,306.4454,11.21570107,路易莎,0,0.0
未涵蓋,臺東縣,金峰鄉,臺東縣金峰鄉,3682.0,380.6635,9.672584842,路易莎,0,0.0
未涵蓋,臺東縣,蘭嶼鄉,臺東縣蘭嶼鄉,5220.0,48.3892,107.875311,路易莎,0,0.0
未涵蓋,花蓮縣,花蓮市,花蓮縣花蓮市,96860.0,29.4095,3293.493599,路易莎,0,0.0
未涵蓋,花蓮縣,鳳林鎮,花蓮縣鳳林鎮,10136.0,120.5181,84.10354959,路易莎,0,0.0
未涵蓋,花蓮縣,玉里鎮,花蓮縣玉里鎮,21277.0,252.3719,84.3081183,路易莎,0,0.0
未涵蓋,花蓮縣,新城鄉,花蓮縣新城鄉,20492.0,29.4095,696.7816522,路易莎,0,0.0
未涵蓋,花蓮縣,吉安鄉,花蓮縣吉安鄉,83004.0,65.2582,1271.93211,路易莎,0,0.0
未涵蓋,花蓮縣,壽豐鄉,花蓮縣壽豐鄉,16628.0,218.4448,76.11991679,路易莎,0,0.0
未涵蓋,花蓮縣,光復鄉,花蓮縣光復鄉,11478.0,157.11,73.05709376,路易莎,0,0.0
未涵蓋,花蓮縣,豐濱鄉,花蓮縣豐濱鄉,4082.0,162.4332,25.1303305,路易莎,0,0.0
未涵蓋,花蓮縣,瑞穗鄉,花蓮縣瑞穗鄉,10388.0,135.5862,76.61546677,路易莎,0,0.0
未涵蓋,花蓮縣,富里鄉,花蓮縣富里鄉,9386.0,176.3705,53.21751653,路易莎,0,0.0
未涵蓋,花蓮縣,秀林鄉,花蓮縣秀林鄉,17178.0,1641.8555,10.46255289,路易莎,0,0.0
未涵蓋,花蓮縣,萬榮鄉,花蓮縣萬榮鄉,6047.0,618.491,9.777021816,路易莎,0,0.0
未涵蓋,花蓮縣,卓溪鄉,花蓮縣卓溪鄉,5851.0,1021.313,5.728899955,路易莎,0,0.0
南部,澎湖縣,馬公市,澎湖縣馬公市,63282.0,33.9918,1861.684289,路易莎,1,0.158
南部,澎湖縣,湖西鄉,澎湖縣湖西鄉,16131.0,33.3008,484.4027771,路易莎,0,0.0
南部,澎湖縣,白沙鄉,澎湖縣白沙鄉,10084.0,20.0875,502.0037337,路易莎,0,0.0
南部,澎湖縣,西嶼鄉,澎湖縣西嶼鄉,8039.0,18.7148,429.553081,路易莎,0,0.0
南部,澎湖縣,望安鄉,澎湖縣望安鄉,5266.0,13.7824,382.0814952,路易莎,0,0.0
南部,澎湖縣,七美鄉,澎湖縣七美鄉,3914.0,6.9868,560.1992328,路易莎,0,0.0
北部,基隆市,中正區,基隆市中正區,51542.0,10.2118,5047.298224,路易莎,0,0.0
北部,基隆市,七堵區,基隆市七堵區,52169.0,56.2659,927.1868041,路易莎,1,0.192
北部,基隆市,暖暖區,基隆市暖暖區,38462.0,22.8283,1684.838556,路易莎,0,0.0
北部,基隆市,仁愛區,基隆市仁愛區,39689.0,4.2335,9374.985237,路易莎,0,0.0
北部,基隆市,中山區,基隆市中山區,45556.0,10.5238,4328.854596,路易莎,0,0.0
北部,基隆市,安樂區,基隆市安樂區,79850.0,18.025,4429.958391,路易莎,1,0.125
北部,基隆市,信義區,基隆市信義區,52568.0,10.6706,4926.433378,路易莎,0,0.0
北部,新竹市,東區,新竹市東區,222219.0,33.5768,6618.230445,路易莎,9,0.405
北部,新竹市,北區,新竹市北區,153915.0,15.7267,9786.85929,路易莎,2,0.13
北部,新竹市,香山區,新竹市香山區,79606.0,54.8491,1451.363833,路易莎,0,0.0
南部,嘉義市,東區,嘉義市東區,116567.0,30.1556,3865.517516,路易莎,0,0.0
南部,嘉義市,西區,嘉義市西區,145025.0,29.87,4855.205892,路易莎,3,0.207
未涵蓋,金門縣,金城鎮,金門縣金城鎮,40998.0,21.713,1888.177589,路易莎,0,0.0
未涵蓋,金門縣,金湖鎮,金門縣金湖鎮,30545.0,41.696,732.5642748,路易莎,0,0.0
未涵蓋,金門縣,金沙鎮,金門縣金沙鎮,19840.0,41.19,481.6703083,路易莎,0,0.0
未涵蓋,金門縣,金寧鄉,金門縣金寧鄉,35287.0,29.854,1181.985664,路易莎,0,0.0
未涵蓋,金門縣,烈嶼鄉,金門縣烈嶼鄉,12050.0,16.003,752.9838155,路易莎,0,0.0
未涵蓋,金門縣,烏坵鄉,金門縣烏坵鄉,593.0,1.2,494.1666667,路易莎,0,0.0
未涵蓋,連江縣,南竿鄉,連江縣南竿鄉,7629.0,10.4,733.5576923,路易莎,0,0.0
未涵蓋,連江縣,北竿鄉,連江縣北竿鄉,2930.0,9.9,295.959596,路易莎,0,0.0
未涵蓋,連江縣,莒光鄉,連江縣莒光鄉,1537.0,4.7,327.0212766,路易莎,0,0.0
未涵蓋,連江縣,東引鄉,連江縣東引鄉,1525.0,3.8,401.3157895,路易莎,0,0.0
